timestamps,OSD.flyTime,OSD.flyTime [s],OSD.latitude,OSD.longitude,OSD.height [ft],OSD.heightMax [ft],OSD.vpsHeight [ft],OSD.altitude [ft],OSD.mileage [ft],OSD.hSpeed [MPH],OSD.hSpeedMax [MPH],OSD.xSpeed [MPH],OSD.xSpeedMax [MPH],OSD.ySpeed [MPH],OSD.ySpeedMax [MPH],OSD.zSpeed [MPH],OSD.zSpeedMax [MPH],OSD.pitch,OSD.roll,OSD.yaw,OSD.yaw [360],OSD.directionOfTravel,OSD.flycState,OSD.flycCommand,OSD.flightAction,OSD.gpsNum,OSD.gpsLevel,OSD.isGPSUsed,OSD.nonGPSCause,OSD.droneType,OSD.isSwaveWork,OSD.waveError,OSD.goHomeStatus,OSD.batteryType,OSD.ctrlDevice,OSD.isOnGround,OSD.isMotorOn,OSD.isMotorBlocked,OSD.motorStartFailedCause,OSD.motorFailReason,OSD.isImuPreheated,OSD.imuInitFailReason,OSD.isAcceletorOverRange,OSD.isBarometerDeadInAir,OSD.isCompassError,OSD.isGoHomeHeightModified,OSD.canIOCWork,OSD.isNotEnoughForce,OSD.isOutOfLimit,OSD.isPropellerCatapult,OSD.isVibrating,OSD.isVisionUsed,OSD.voltageWarning,GIMBAL.mode,GIMBAL.pitch,GIMBAL.roll,GIMBAL.yaw,GIMBAL.yaw [360],GIMBAL.isPitchAtLimit,GIMBAL.isRollAtLimit,GIMBAL.isYawAtLimit,GIMBAL.isStuck,CAMERA.isPhoto,CAMERA.isVideo,CAMERA.filename,CAMERA.sdCardIsInserted,CAMERA.sdCardState,RC.downlinkSignal,RC.uplinkSignal,RC.aileron,RC.elevator,RC.throttle,RC.rudder,RC.mode,RC.goHomeDepressed,RC.recordDepressed,RC.shutterDepressed,RC.playbackDepressed,RC.wheelDepressed,RC.wheelOffset,RC.custom1Depressed,RC.custom2Depressed,RC.custom3Depressed,RC.custom4Depressed,BATTERY.chargeLevel,BATTERY.currentPV [V],BATTERY.currentCapacity [mAh],BATTERY.fullCapacity [mAh],BATTERY.voltage [V],BATTERY.isCellVoltageEstimated,BATTERY.cellVoltage1 [V],BATTERY.cellVoltage2 [V],BATTERY.maxCellVoltageDeviation,BATTERY.isCellVoltageDeviationHigh,BATTERY.isVoltageLow,BATTERY.current [A],BATTERY.temperature [F],BATTERY.minTemperature [F],BATTERY.maxTemperature [F],BATTERY.usefulTime [s],BATTERY.goHomeTime [s],BATTERY.landTime [s],BATTERY.goHomeBattery,BATTERY.landBattery,BATTERY.safeFlyRadius,BATTERY.volumeConsume,BATTERY.status,BATTERY.goHomeStatus,BATTERY.goHomeCountdown,BATTERY.lowWarning,BATTERY.lowWarningGoHome,BATTERY.seriousLowWarning,BATTERY.seriousLowWarningLanding,BATTERY.timesCharged,MC.failSafeAction,MC.isObstacleAvoidanceEnabled,MC.isCollisionAvoidanceEnabled,MC.isRthObstacleAvoidanceEnabled,MC.isBraking,MC.isAvoidingObstacle,MC.isAvoidingActiveObstacle,MC.isAscentLimitedByObstacle,MC.isLandingConfirmationNeeded,MC.atLowAltitudeLimit,MC.atDistanceLimit,MC.atAirportAltitudeLimit,MC.atAirportBoundary,HOME.latitude,HOME.longitude,HOME.distance [ft],HOME.height [ft],HOME.heightLimit [ft],HOME.isHomeRecord,HOME.goHomeMode,HOME.aircraftHeadDirection,HOME.isDynamicHomePointEnabled,HOME.isReachedLimitDistance,HOME.isReachedLimitHeight,HOME.isCompassCalibrating,HOME.compassCalibrationState,HOME.isMultipleFlightModeEnabled,HOME.isBeginnerMode,HOME.isIOCEnabled,HOME.iocMode,HOME.goHomeHeight [ft],HOME.courseLockAngle,HOME.forceLandingHeight [ft],HOME.dataRecorderFileIndex,WEATHER.windDirection,WEATHER.windRelativeDirection,WEATHER.windSpeed [MPH],WEATHER.maxWindSpeed [MPH],WEATHER.windStrength,WEATHER.isFacingWind,WEATHER.isFlyingIntoWind,RECOVER.appType,RECOVER.appVersion,RECOVER.aircraftName,RECOVER.aircraftSerial,RECOVER.cameraSerial,RECOVER.rcSerial,RECOVER.batterySerial,DETAILS.totalTime [s],DETAILS.totalDistance [ft],DETAILS.maxHeight [ft],DETAILS.maxHorizontalSpeed [MPH],DETAILS.maxVerticalSpeed [MPH],DETAILS.photoNum,DETAILS.videoTime [s],DETAILS.aircraftName,DETAILS.aircraftSerial,DETAILS.cameraSerial,DETAILS.rcSerial,DETAILS.batterySerial,DETAILS.appName,DETAILS.appType,DETAILS.appVersion,DETAILS.guid,SERIAL.flightController,SERIAL.camera,SERIAL.gimbal,SERIAL.rc,SERIAL.battery,APPGPS.latitude,APPGPS.longitude,APPGPS.accuracy,APP.tip,APP.warning
1773874560,0m 0.0s,0.0,52.41880475,-2.56594710,0.0,0.0,0.0,180.0,0.0,0.000,0.000,0.000,,0.000,,-0.000,,0.20,0.10,45.0,45.0,,Starting Motors,,,18,4,TRUE,,Mini 4 Pro,,,,,,TRUE,TRUE,,,,,,,,,,,,,,,,,,,,,,,,,,,,,,,,,,,,,,,,,,,,,,,,85.0,,,,8.117,,,,,,,1.100,,,,,,,,,,,,,,,,,,,,,,,,,,,,,,,,52.41880475,-2.56594710,0.0,,,,,,,,,,,,,,,,,,,,,,,,,,,,Mini 4 Pro,SYN3A9N8J6PYHE4C6,CAMQDW5LNMQ7SS8CM,RCSUY6FSVDZ5XQLBB,BATWDKLB4TQAB5JCT,,,,,,,,Mini 4 Pro,SYN3A9N8J6PYHE4C6,,,,DJI Fly,,1.13.5,C2FF9B46-305D-55E5-AB92-E0357A920CB9,,,,,,,,,,
1773874561,0m 1.0s,1.0,52.41880475,-2.56594710,0.0,0.0,0.0,180.0,0.0,0.000,0.000,0.000,,0.000,,-0.000,,0.20,0.10,45.0,45.0,,Starting Motors,,,18,4,TRUE,,Mini 4 Pro,,,,,,TRUE,TRUE,,,,,,,,,,,,,,,,,,,,,,,,,,,,,,,,,,,,,,,,,,,,,,,,85.0,,,,8.117,,,,,,,1.100,,,,,,,,,,,,,,,,,,,,,,,,,,,,,,,,52.41880475,-2.56594710,0.0,,,,,,,,,,,,,,,,,,,,,,,,,,,,Mini 4 Pro,SYN3A9N8J6PYHE4C6,CAMQDW5LNMQ7SS8CM,RCSUY6FSVDZ5XQLBB,BATWDKLB4TQAB5JCT,,,,,,,,Mini 4 Pro,SYN3A9N8J6PYHE4C6,,,,DJI Fly,,1.13.5,C2FF9B46-305D-55E5-AB92-E0357A920CB9,,,,,,,,,,
1773874562,0m 2.0s,2.0,52.41880475,-2.56594710,0.0,0.0,0.0,180.0,0.0,0.000,0.000,0.000,,0.000,,-0.000,,0.20,0.10,45.0,45.0,,Starting Motors,,,18,4,TRUE,,Mini 4 Pro,,,,,,TRUE,TRUE,,,,,,,,,,,,,,,,,,,,,,,,,,,,,,,,,,,,,,,,,,,,,,,,84.9,,,,8.116,,,,,,,1.100,,,,,,,,,,,,,,,,,,,,,,,,,,,,,,,,52.41880475,-2.56594710,0.0,,,,,,,,,,,,,,,,,,,,,,,,,,,,Mini 4 Pro,SYN3A9N8J6PYHE4C6,CAMQDW5LNMQ7SS8CM,RCSUY6FSVDZ5XQLBB,BATWDKLB4TQAB5JCT,,,,,,,,Mini 4 Pro,SYN3A9N8J6PYHE4C6,,,,DJI Fly,,1.13.5,C2FF9B46-305D-55E5-AB92-E0357A920CB9,,,,,,,,,,
1773874563,0m 3.0s,3.0,52.41880475,-2.56594710,0.0,0.0,0.0,180.0,0.0,0.000,0.000,0.000,,0.000,,-0.000,,0.20,0.10,45.0,45.0,,Starting Motors,,,18,4,TRUE,,Mini 4 Pro,,,,,,TRUE,TRUE,,,,,,,,,,,,,,,,,,,,,,,,,,,,,,,,,,,,,,,,,,,,,,,,84.9,,,,8.115,,,,,,,1.100,,,,,,,,,,,,,,,,,,,,,,,,,,,,,,,,52.41880475,-2.56594710,0.0,,,,,,,,,,,,,,,,,,,,,,,,,,,,Mini 4 Pro,SYN3A9N8J6PYHE4C6,CAMQDW5LNMQ7SS8CM,RCSUY6FSVDZ5XQLBB,BATWDKLB4TQAB5JCT,,,,,,,,Mini 4 Pro,SYN3A9N8J6PYHE4C6,,,,DJI Fly,,1.13.5,C2FF9B46-305D-55E5-AB92-E0357A920CB9,,,,,,,,,,
1773874564,0m 4.0s,4.0,52.41880475,-2.56594710,0.0,0.0,0.0,180.0,0.0,0.000,0.000,0.000,,0.000,,-0.000,,0.20,0.10,45.0,45.0,,Starting Motors,,,18,4,TRUE,,Mini 4 Pro,,,,,,TRUE,TRUE,,,,,,,,,,,,,,,,,,,,,,,,,,,,,,,,,,,,,,,,,,,,,,,,84.8,,,,8.115,,,,,,,1.100,,,,,,,,,,,,,,,,,,,,,,,,,,,,,,,,52.41880475,-2.56594710,0.0,,,,,,,,,,,,,,,,,,,,,,,,,,,,Mini 4 Pro,SYN3A9N8J6PYHE4C6,CAMQDW5LNMQ7SS8CM,RCSUY6FSVDZ5XQLBB,BATWDKLB4TQAB5JCT,,,,,,,,Mini 4 Pro,SYN3A9N8J6PYHE4C6,,,,DJI Fly,,1.13.5,C2FF9B46-305D-55E5-AB92-E0357A920CB9,,,,,,,,,,
1773874565,0m 5.0s,5.0,52.41880475,-2.56594710,0.0,0.0,0.0,180.0,0.0,0.000,0.000,0.000,,0.000,,-0.000,,0.20,0.10,45.0,45.0,,Starting Motors,,,18,4,TRUE,,Mini 4 Pro,,,,,,TRUE,TRUE,,,,,,,,,,,,,,,,,,,,,,,,,,,,,,,,,,,,,,,,,,,,,,,,84.8,,,,8.114,,,,,,,1.100,,,,,,,,,,,,,,,,,,,,,,,,,,,,,,,,52.41880475,-2.56594710,0.0,,,,,,,,,,,,,,,,,,,,,,,,,,,,Mini 4 Pro,SYN3A9N8J6PYHE4C6,CAMQDW5LNMQ7SS8CM,RCSUY6FSVDZ5XQLBB,BATWDKLB4TQAB5JCT,,,,,,,,Mini 4 Pro,SYN3A9N8J6PYHE4C6,,,,DJI Fly,,1.13.5,C2FF9B46-305D-55E5-AB92-E0357A920CB9,,,,,,,,,,
1773874566,0m 6.0s,6.0,52.41880475,-2.56594710,0.0,0.0,0.0,180.0,0.0,0.000,0.000,0.000,,0.000,,-0.000,,0.20,0.10,45.0,45.0,,Starting Motors,,,18,4,TRUE,,Mini 4 Pro,,,,,,TRUE,TRUE,,,,,,,,,,,,,,,,,,,,,,,,,,,,,,,,,,,,,,,,,,,,,,,,84.7,,,,8.113,,,,,,,1.100,,,,,,,,,,,,,,,,,,,,,,,,,,,,,,,,52.41880475,-2.56594710,0.0,,,,,,,,,,,,,,,,,,,,,,,,,,,,Mini 4 Pro,SYN3A9N8J6PYHE4C6,CAMQDW5LNMQ7SS8CM,RCSUY6FSVDZ5XQLBB,BATWDKLB4TQAB5JCT,,,,,,,,Mini 4 Pro,SYN3A9N8J6PYHE4C6,,,,DJI Fly,,1.13.5,C2FF9B46-305D-55E5-AB92-E0357A920CB9,,,,,,,,,,
1773874567,0m 7.0s,7.0,52.41880475,-2.56594710,0.0,0.0,0.0,180.0,0.0,0.000,0.000,0.000,,0.000,,-0.000,,0.20,0.10,45.0,45.0,,Starting Motors,,,18,4,TRUE,,Mini 4 Pro,,,,,,TRUE,TRUE,,,,,,,,,,,,,,,,,,,,,,,,,,,,,,,,,,,,,,,,,,,,,,,,84.7,,,,8.112,,,,,,,1.100,,,,,,,,,,,,,,,,,,,,,,,,,,,,,,,,52.41880475,-2.56594710,0.0,,,,,,,,,,,,,,,,,,,,,,,,,,,,Mini 4 Pro,SYN3A9N8J6PYHE4C6,CAMQDW5LNMQ7SS8CM,RCSUY6FSVDZ5XQLBB,BATWDKLB4TQAB5JCT,,,,,,,,Mini 4 Pro,SYN3A9N8J6PYHE4C6,,,,DJI Fly,,1.13.5,C2FF9B46-305D-55E5-AB92-E0357A920CB9,,,,,,,,,,
1773874568,0m 8.0s,8.0,52.41880475,-2.56594710,0.0,0.0,0.0,180.0,0.0,0.000,0.000,0.000,,0.000,,-0.000,,0.20,0.10,45.0,45.0,,Starting Motors,,,18,4,TRUE,,Mini 4 Pro,,,,,,TRUE,TRUE,,,,,,,,,,,,,,,,,,,,,,,,,,,,,,,,,,,,,,,,,,,,,,,,84.6,,,,8.112,,,,,,,1.100,,,,,,,,,,,,,,,,,,,,,,,,,,,,,,,,52.41880475,-2.56594710,0.0,,,,,,,,,,,,,,,,,,,,,,,,,,,,Mini 4 Pro,SYN3A9N8J6PYHE4C6,CAMQDW5LNMQ7SS8CM,RCSUY6FSVDZ5XQLBB,BATWDKLB4TQAB5JCT,,,,,,,,Mini 4 Pro,SYN3A9N8J6PYHE4C6,,,,DJI Fly,,1.13.5,C2FF9B46-305D-55E5-AB92-E0357A920CB9,,,,,,,,,,
1773874569,0m 9.0s,9.0,52.41880475,-2.56594710,0.0,0.0,0.0,180.0,0.0,0.000,0.000,0.000,,0.000,,-0.000,,0.20,0.10,45.0,45.0,,Starting Motors,,,18,4,TRUE,,Mini 4 Pro,,,,,,TRUE,TRUE,,,,,,,,,,,,,,,,,,,,,,,,,,,,,,,,,,,,,,,,,,,,,,,,84.6,,,,8.111,,,,,,,1.100,,,,,,,,,,,,,,,,,,,,,,,,,,,,,,,,52.41880475,-2.56594710,0.0,,,,,,,,,,,,,,,,,,,,,,,,,,,,Mini 4 Pro,SYN3A9N8J6PYHE4C6,CAMQDW5LNMQ7SS8CM,RCSUY6FSVDZ5XQLBB,BATWDKLB4TQAB5JCT,,,,,,,,Mini 4 Pro,SYN3A9N8J6PYHE4C6,,,,DJI Fly,,1.13.5,C2FF9B46-305D-55E5-AB92-E0357A920CB9,,,,,,,,,,
1773874570,0m 10.0s,10.0,52.41880475,-2.56594710,7.9,7.9,7.9,187.9,0.0,0.000,0.000,0.000,,0.000,,-5.369,,9.60,0.00,45.0,45.0,,Auto Takeoff,,,18,4,TRUE,,Mini 4 Pro,,,,,,FALSE,TRUE,,,,,,,,,,,,,,,,,,,,,,,,,,,,,,,,,,,,,,,,,,,,,,,,84.5,,,,8.110,,,,,,,12.292,,,,,,,,,,,,,,,,,,,,,,,,,,,,,,,,52.41880475,-2.56594710,0.0,,,,,,,,,,,,,,,,,,,,,,,,,,,,Mini 4 Pro,SYN3A9N8J6PYHE4C6,CAMQDW5LNMQ7SS8CM,RCSUY6FSVDZ5XQLBB,BATWDKLB4TQAB5JCT,,,,,,,,Mini 4 Pro,SYN3A9N8J6PYHE4C6,,,,DJI Fly,,1.13.5,C2FF9B46-305D-55E5-AB92-E0357A920CB9,,,,,,,,,,
1773874571,0m 11.0s,11.0,52.41880475,-2.56594710,15.7,15.7,15.7,195.7,0.0,0.000,0.000,0.000,,0.000,,-5.369,,9.60,0.00,45.0,45.0,,Auto Takeoff,,,18,4,TRUE,,Mini 4 Pro,,,,,,FALSE,TRUE,,,,,,,,,,,,,,,,,,,,,,,,,,,,,,,,,,,,,,,,,,,,,,,,84.5,,,,8.109,,,,,,,12.292,,,,,,,,,,,,,,,,,,,,,,,,,,,,,,,,52.41880475,-2.56594710,0.0,,,,,,,,,,,,,,,,,,,,,,,,,,,,Mini 4 Pro,SYN3A9N8J6PYHE4C6,CAMQDW5LNMQ7SS8CM,RCSUY6FSVDZ5XQLBB,BATWDKLB4TQAB5JCT,,,,,,,,Mini 4 Pro,SYN3A9N8J6PYHE4C6,,,,DJI Fly,,1.13.5,C2FF9B46-305D-55E5-AB92-E0357A920CB9,,,,,,,,,,
1773874572,0m 12.0s,12.0,52.41880475,-2.56594710,23.6,23.6,23.6,203.6,0.0,0.000,0.000,0.000,,0.000,,-5.369,,9.60,0.00,45.0,45.0,,Auto Takeoff,,,18,4,TRUE,,Mini 4 Pro,,,,,,FALSE,TRUE,,,,,,,,,,,,,,,,,,,,,,,,,,,,,,,,,,,,,,,,,,,,,,,,84.4,,,,8.109,,,,,,,12.292,,,,,,,,,,,,,,,,,,,,,,,,,,,,,,,,52.41880475,-2.56594710,0.0,,,,,,,,,,,,,,,,,,,,,,,,,,,,Mini 4 Pro,SYN3A9N8J6PYHE4C6,CAMQDW5LNMQ7SS8CM,RCSUY6FSVDZ5XQLBB,BATWDKLB4TQAB5JCT,,,,,,,,Mini 4 Pro,SYN3A9N8J6PYHE4C6,,,,DJI Fly,,1.13.5,C2FF9B46-305D-55E5-AB92-E0357A920CB9,,,,,,,,,,
1773874573,0m 13.0s,13.0,52.41880475,-2.56594710,31.5,31.5,30.0,211.5,0.0,0.000,0.000,0.000,,0.000,,-5.369,,9.60,0.00,45.0,45.0,,Auto Takeoff,,,18,4,TRUE,,Mini 4 Pro,,,,,,FALSE,TRUE,,,,,,,,,,,,,,,,,,,,,,,,,,,,,,,,,,,,,,,,,,,,,,,,84.4,,,,8.108,,,,,,,12.292,,,,,,,,,,,,,,,,,,,,,,,,,,,,,,,,52.41880475,-2.56594710,0.0,,,,,,,,,,,,,,,,,,,,,,,,,,,,Mini 4 Pro,SYN3A9N8J6PYHE4C6,CAMQDW5LNMQ7SS8CM,RCSUY6FSVDZ5XQLBB,BATWDKLB4TQAB5JCT,,,,,,,,Mini 4 Pro,SYN3A9N8J6PYHE4C6,,,,DJI Fly,,1.13.5,C2FF9B46-305D-55E5-AB92-E0357A920CB9,,,,,,,,,,
1773874574,0m 14.0s,14.0,52.41880475,-2.56594710,39.4,39.4,30.0,219.4,0.0,0.000,0.000,0.000,,0.000,,-5.369,,9.60,0.00,45.0,45.0,,Auto Takeoff,,,18,4,TRUE,,Mini 4 Pro,,,,,,FALSE,TRUE,,,,,,,,,,,,,,,,,,,,,,,,,,,,,,,,,,,,,,,,,,,,,,,,84.3,,,,8.107,,,,,,,12.292,,,,,,,,,,,,,,,,,,,,,,,,,,,,,,,,52.41880475,-2.56594710,0.0,,,,,,,,,,,,,,,,,,,,,,,,,,,,Mini 4 Pro,SYN3A9N8J6PYHE4C6,CAMQDW5LNMQ7SS8CM,RCSUY6FSVDZ5XQLBB,BATWDKLB4TQAB5JCT,,,,,,,,Mini 4 Pro,SYN3A9N8J6PYHE4C6,,,,DJI Fly,,1.13.5,C2FF9B46-305D-55E5-AB92-E0357A920CB9,,,,,,,,,,
1773874575,0m 15.0s,15.0,52.41880475,-2.56594710,47.2,47.2,30.0,227.2,0.0,0.000,0.000,0.000,,0.000,,-5.369,,9.60,0.00,45.0,45.0,,Auto Takeoff,,,18,4,TRUE,,Mini 4 Pro,,,,,,FALSE,TRUE,,,,,,,,,,,,,,,,,,,,,,,,,,,,,,,,,,,,,,,,,,,,,,,,84.3,,,,8.107,,,,,,,12.292,,,,,,,,,,,,,,,,,,,,,,,,,,,,,,,,52.41880475,-2.56594710,0.0,,,,,,,,,,,,,,,,,,,,,,,,,,,,Mini 4 Pro,SYN3A9N8J6PYHE4C6,CAMQDW5LNMQ7SS8CM,RCSUY6FSVDZ5XQLBB,BATWDKLB4TQAB5JCT,,,,,,,,Mini 4 Pro,SYN3A9N8J6PYHE4C6,,,,DJI Fly,,1.13.5,C2FF9B46-305D-55E5-AB92-E0357A920CB9,,,,,,,,,,
1773874576,0m 16.0s,16.0,52.41880475,-2.56594710,55.1,55.1,30.0,235.1,0.0,0.000,0.000,0.000,,0.000,,-5.369,,9.60,0.00,45.0,45.0,,Auto Takeoff,,,18,4,TRUE,,Mini 4 Pro,,,,,,FALSE,TRUE,,,,,,,,,,,,,,,,,,,,,,,,,,,,,,,,,,,,,,,,,,,,,,,,84.2,,,,8.106,,,,,,,12.292,,,,,,,,,,,,,,,,,,,,,,,,,,,,,,,,52.41880475,-2.56594710,0.0,,,,,,,,,,,,,,,,,,,,,,,,,,,,Mini 4 Pro,SYN3A9N8J6PYHE4C6,CAMQDW5LNMQ7SS8CM,RCSUY6FSVDZ5XQLBB,BATWDKLB4TQAB5JCT,,,,,,,,Mini 4 Pro,SYN3A9N8J6PYHE4C6,,,,DJI Fly,,1.13.5,C2FF9B46-305D-55E5-AB92-E0357A920CB9,,,,,,,,,,
1773874577,0m 17.0s,17.0,52.41880475,-2.56594710,63.0,63.0,30.0,243.0,0.0,0.000,0.000,0.000,,0.000,,-5.369,,9.60,0.00,45.0,45.0,,Auto Takeoff,,,18,4,TRUE,,Mini 4 Pro,,,,,,FALSE,TRUE,,,,,,,,,,,,,,,,,,,,,,,,,,,,,,,,,,,,,,,,,,,,,,,,84.2,,,,8.105,,,,,,,12.292,,,,,,,,,,,,,,,,,,,,,,,,,,,,,,,,52.41880475,-2.56594710,0.0,,,,,,,,,,,,,,,,,,,,,,,,,,,,Mini 4 Pro,SYN3A9N8J6PYHE4C6,CAMQDW5LNMQ7SS8CM,RCSUY6FSVDZ5XQLBB,BATWDKLB4TQAB5JCT,,,,,,,,Mini 4 Pro,SYN3A9N8J6PYHE4C6,,,,DJI Fly,,1.13.5,C2FF9B46-305D-55E5-AB92-E0357A920CB9,,,,,,,,,,
1773874578,0m 18.0s,18.0,52.41880475,-2.56594710,70.9,70.9,30.0,250.9,0.0,0.000,0.000,0.000,,0.000,,-5.369,,9.60,0.00,45.0,45.0,,Auto Takeoff,,,18,4,TRUE,,Mini 4 Pro,,,,,,FALSE,TRUE,,,,,,,,,,,,,,,,,,,,,,,,,,,,,,,,,,,,,,,,,,,,,,,,84.2,,,,8.104,,,,,,,12.292,,,,,,,,,,,,,,,,,,,,,,,,,,,,,,,,52.41880475,-2.56594710,0.0,,,,,,,,,,,,,,,,,,,,,,,,,,,,Mini 4 Pro,SYN3A9N8J6PYHE4C6,CAMQDW5LNMQ7SS8CM,RCSUY6FSVDZ5XQLBB,BATWDKLB4TQAB5JCT,,,,,,,,Mini 4 Pro,SYN3A9N8J6PYHE4C6,,,,DJI Fly,,1.13.5,C2FF9B46-305D-55E5-AB92-E0357A920CB9,,,,,,,,,,
1773874579,0m 19.0s,19.0,52.41880475,-2.56594710,78.7,78.7,30.0,258.7,0.0,0.000,0.000,0.000,,0.000,,-5.369,,9.60,0.00,45.0,45.0,,Auto Takeoff,,,18,4,TRUE,,Mini 4 Pro,,,,,,FALSE,TRUE,,,,,,,,,,,,,,,,,,,,,,,,,,,,,,,,,,,,,,,,,,,,,,,,84.1,,,,8.104,,,,,,,12.292,,,,,,,,,,,,,,,,,,,,,,,,,,,,,,,,52.41880475,-2.56594710,0.0,,,,,,,,,,,,,,,,,,,,,,,,,,,,Mini 4 Pro,SYN3A9N8J6PYHE4C6,CAMQDW5LNMQ7SS8CM,RCSUY6FSVDZ5XQLBB,BATWDKLB4TQAB5JCT,,,,,,,,Mini 4 Pro,SYN3A9N8J6PYHE4C6,,,,DJI Fly,,1.13.5,C2FF9B46-305D-55E5-AB92-E0357A920CB9,,,,,,,,,,
1773874580,0m 20.0s,20.0,52.41880475,-2.56594710,86.6,86.6,30.0,266.6,0.0,0.000,0.000,0.000,,0.000,,-5.369,,9.60,0.00,45.0,45.0,,Auto Takeoff,,,18,4,TRUE,,Mini 4 Pro,,,,,,FALSE,TRUE,,,,,,,,,,,,,,,,,,,,,,,,,,,,,,,,,,,,,,,,,,,,,,,,84.1,,,,8.103,,,,,,,12.292,,,,,,,,,,,,,,,,,,,,,,,,,,,,,,,,52.41880475,-2.56594710,0.0,,,,,,,,,,,,,,,,,,,,,,,,,,,,Mini 4 Pro,SYN3A9N8J6PYHE4C6,CAMQDW5LNMQ7SS8CM,RCSUY6FSVDZ5XQLBB,BATWDKLB4TQAB5JCT,,,,,,,,Mini 4 Pro,SYN3A9N8J6PYHE4C6,,,,DJI Fly,,1.13.5,C2FF9B46-305D-55E5-AB92-E0357A920CB9,,,,,,,,,,
1773874581,0m 21.0s,21.0,52.41880475,-2.56594710,94.5,94.5,30.0,274.5,0.0,0.000,0.000,0.000,,0.000,,-5.369,,9.60,0.00,45.0,45.0,,Auto Takeoff,,,18,4,TRUE,,Mini 4 Pro,,,,,,FALSE,TRUE,,,,,,,,,,,,,,,,,,,,,,,,,,,,,,,,,,,,,,,,,,,,,,,,84.0,,,,8.102,,,,,,,12.292,,,,,,,,,,,,,,,,,,,,,,,,,,,,,,,,52.41880475,-2.56594710,0.0,,,,,,,,,,,,,,,,,,,,,,,,,,,,Mini 4 Pro,SYN3A9N8J6PYHE4C6,CAMQDW5LNMQ7SS8CM,RCSUY6FSVDZ5XQLBB,BATWDKLB4TQAB5JCT,,,,,,,,Mini 4 Pro,SYN3A9N8J6PYHE4C6,,,,DJI Fly,,1.13.5,C2FF9B46-305D-55E5-AB92-E0357A920CB9,,,,,,,,,,
1773874582,0m 22.0s,22.0,52.41880475,-2.56594710,102.4,102.4,30.0,282.4,0.0,0.000,0.000,0.000,,0.000,,-5.369,,9.60,0.00,45.0,45.0,,Auto Takeoff,,,18,4,TRUE,,Mini 4 Pro,,,,,,FALSE,TRUE,,,,,,,,,,,,,,,,,,,,,,,,,,,,,,,,,,,,,,,,,,,,,,,,84.0,,,,8.101,,,,,,,12.292,,,,,,,,,,,,,,,,,,,,,,,,,,,,,,,,52.41880475,-2.56594710,0.0,,,,,,,,,,,,,,,,,,,,,,,,,,,,Mini 4 Pro,SYN3A9N8J6PYHE4C6,CAMQDW5LNMQ7SS8CM,RCSUY6FSVDZ5XQLBB,BATWDKLB4TQAB5JCT,,,,,,,,Mini 4 Pro,SYN3A9N8J6PYHE4C6,,,,DJI Fly,,1.13.5,C2FF9B46-305D-55E5-AB92-E0357A920CB9,,,,,,,,,,
1773874583,0m 23.0s,23.0,52.41880475,-2.56594710,108.3,108.3,30.0,288.3,0.0,0.000,0.000,0.000,,0.000,,-4.026,,7.20,0.00,45.0,45.0,,Auto Takeoff,,,18,4,TRUE,,Mini 4 Pro,,,,,,FALSE,TRUE,,,,,,,,,,,,,,,,,,,,,,,,,,,,,,,,,,,,,,,,,,,,,,,,83.9,,,,8.101,,,,,,,10.372,,,,,,,,,,,,,,,,,,,,,,,,,,,,,,,,52.41880475,-2.56594710,0.0,,,,,,,,,,,,,,,,,,,,,,,,,,,,Mini 4 Pro,SYN3A9N8J6PYHE4C6,CAMQDW5LNMQ7SS8CM,RCSUY6FSVDZ5XQLBB,BATWDKLB4TQAB5JCT,,,,,,,,Mini 4 Pro,SYN3A9N8J6PYHE4C6,,,,DJI Fly,,1.13.5,C2FF9B46-305D-55E5-AB92-E0357A920CB9,,,,,,,,,,
1773874584,0m 24.0s,24.0,52.41880475,-2.56594710,108.3,108.3,30.0,288.3,0.0,0.000,0.000,0.000,,0.000,,-0.000,,0.00,0.00,45.0,45.0,,Auto Takeoff,,,18,4,TRUE,,Mini 4 Pro,,,,,,FALSE,TRUE,,,,,,,,,,,,,,,,,,,,,,,,,,,,,,,,,,,,,,,,,,,,,,,,83.9,,,,8.100,,,,,,,4.612,,,,,,,,,,,,,,,,,,,,,,,,,,,,,,,,52.41880475,-2.56594710,0.0,,,,,,,,,,,,,,,,,,,,,,,,,,,,Mini 4 Pro,SYN3A9N8J6PYHE4C6,CAMQDW5LNMQ7SS8CM,RCSUY6FSVDZ5XQLBB,BATWDKLB4TQAB5JCT,,,,,,,,Mini 4 Pro,SYN3A9N8J6PYHE4C6,,,,DJI Fly,,1.13.5,C2FF9B46-305D-55E5-AB92-E0357A920CB9,,,,,,,,,,
1773874585,0m 25.0s,25.0,52.41880475,-2.56594710,108.3,108.3,30.0,288.3,0.0,0.000,0.000,0.000,,0.000,,-0.000,,0.00,0.00,45.0,45.0,,Auto Takeoff,,,18,4,TRUE,,Mini 4 Pro,,,,,,FALSE,TRUE,,,,,,,,,,,,,,,,,,,,,,,,,,,,,,,,,,,,,,,,,,,,,,,,83.8,,,,8.099,,,,,,,4.612,,,,,,,,,,,,,,,,,,,,,,,,,,,,,,,,52.41880475,-2.56594710,0.0,,,,,,,,,,,,,,,,,,,,,,,,,,,,Mini 4 Pro,SYN3A9N8J6PYHE4C6,CAMQDW5LNMQ7SS8CM,RCSUY6FSVDZ5XQLBB,BATWDKLB4TQAB5JCT,,,,,,,,Mini 4 Pro,SYN3A9N8J6PYHE4C6,,,,DJI Fly,,1.13.5,C2FF9B46-305D-55E5-AB92-E0357A920CB9,,,,,,,,,,
1773874586,0m 26.0s,26.0,52.41880475,-2.56594710,108.3,108.3,30.0,288.3,0.0,0.000,0.000,0.000,,0.000,,-0.000,,0.00,0.00,45.0,45.0,,Auto Takeoff,,,18,4,TRUE,,Mini 4 Pro,,,,,,FALSE,TRUE,,,,,,,,,,,,,,,,,,,,,,,,,,,,,,,,,,,,,,,,,,,,,,,,83.8,,,,8.099,,,,,,,4.612,,,,,,,,,,,,,,,,,,,,,,,,,,,,,,,,52.41880475,-2.56594710,0.0,,,,,,,,,,,,,,,,,,,,,,,,,,,,Mini 4 Pro,SYN3A9N8J6PYHE4C6,CAMQDW5LNMQ7SS8CM,RCSUY6FSVDZ5XQLBB,BATWDKLB4TQAB5JCT,,,,,,,,Mini 4 Pro,SYN3A9N8J6PYHE4C6,,,,DJI Fly,,1.13.5,C2FF9B46-305D-55E5-AB92-E0357A920CB9,,,,,,,,,,
1773874587,0m 27.0s,27.0,52.41880475,-2.56594710,108.3,108.3,30.0,288.3,0.0,0.000,0.000,0.000,,0.000,,-0.000,,0.00,0.00,45.0,45.0,,Auto Takeoff,,,18,4,TRUE,,Mini 4 Pro,,,,,,FALSE,TRUE,,,,,,,,,,,,,,,,,,,,,,,,,,,,,,,,,,,,,,,,,,,,,,,,83.7,,,,8.098,,,,,,,4.612,,,,,,,,,,,,,,,,,,,,,,,,,,,,,,,,52.41880475,-2.56594710,0.0,,,,,,,,,,,,,,,,,,,,,,,,,,,,Mini 4 Pro,SYN3A9N8J6PYHE4C6,CAMQDW5LNMQ7SS8CM,RCSUY6FSVDZ5XQLBB,BATWDKLB4TQAB5JCT,,,,,,,,Mini 4 Pro,SYN3A9N8J6PYHE4C6,,,,DJI Fly,,1.13.5,C2FF9B46-305D-55E5-AB92-E0357A920CB9,,,,,,,,,,
1773874588,0m 28.0s,28.0,52.41880475,-2.56594710,108.3,108.3,30.0,288.3,0.0,0.000,0.000,0.000,,0.000,,-0.000,,0.00,0.00,45.0,45.0,,Auto Takeoff,,,18,4,TRUE,,Mini 4 Pro,,,,,,FALSE,TRUE,,,,,,,,,,,,,,,,,,,,,,,,,,,,,,,,,,,,,,,,,,,,,,,,83.7,,,,8.097,,,,,,,4.612,,,,,,,,,,,,,,,,,,,,,,,,,,,,,,,,52.41880475,-2.56594710,0.0,,,,,,,,,,,,,,,,,,,,,,,,,,,,Mini 4 Pro,SYN3A9N8J6PYHE4C6,CAMQDW5LNMQ7SS8CM,RCSUY6FSVDZ5XQLBB,BATWDKLB4TQAB5JCT,,,,,,,,Mini 4 Pro,SYN3A9N8J6PYHE4C6,,,,DJI Fly,,1.13.5,C2FF9B46-305D-55E5-AB92-E0357A920CB9,,,,,,,,,,
1773874589,0m 29.0s,29.0,52.41880475,-2.56594710,108.3,108.3,30.0,288.3,0.0,0.000,0.000,0.000,,0.000,,-0.000,,0.00,0.00,45.0,45.0,,Auto Takeoff,,,18,4,TRUE,,Mini 4 Pro,,,,,,FALSE,TRUE,,,,,,,,,,,,,,,,,,,,,,,,,,,,,,,,,,,,,,,,,,,,,,,,83.6,,,,8.096,,,,,,,4.612,,,,,,,,,,,,,,,,,,,,,,,,,,,,,,,,52.41880475,-2.56594710,0.0,,,,,,,,,,,,,,,,,,,,,,,,,,,,Mini 4 Pro,SYN3A9N8J6PYHE4C6,CAMQDW5LNMQ7SS8CM,RCSUY6FSVDZ5XQLBB,BATWDKLB4TQAB5JCT,,,,,,,,Mini 4 Pro,SYN3A9N8J6PYHE4C6,,,,DJI Fly,,1.13.5,C2FF9B46-305D-55E5-AB92-E0357A920CB9,,,,,,,,,,
1773874590,0m 30.0s,30.0,52.41884012,-2.56593004,108.3,108.3,30.0,288.3,13.5,9.171,9.171,8.799,,2.588,,-0.000,,1.43,-25.00,16.4,16.4,,P-GPS,,,18,4,TRUE,,Mini 4 Pro,,,,,,FALSE,TRUE,,,,,,,,,,,,,,,,,,,,,,,,,,,,,,,,,,,,,,,,,,,,,,,,83.6,,,,8.096,,,,,,,6.867,,,,,,,,,,,,,,,,,,,,,,,,,,,,,,,,52.41880475,-2.56594710,13.5,,,,,,,,,,,,,,,,,,,,,,,,,,,,Mini 4 Pro,SYN3A9N8J6PYHE4C6,CAMQDW5LNMQ7SS8CM,RCSUY6FSVDZ5XQLBB,BATWDKLB4TQAB5JCT,,,,,,,,Mini 4 Pro,SYN3A9N8J6PYHE4C6,,,,DJI Fly,,1.13.5,C2FF9B46-305D-55E5-AB92-E0357A920CB9,,,,,,,,,,
1773874591,0m 31.0s,31.0,52.41887550,-2.56591298,108.3,108.3,30.0,288.3,26.9,9.171,9.171,8.799,,2.588,,-0.000,,1.44,0.00,16.4,16.4,,P-GPS,,,18,4,TRUE,,Mini 4 Pro,,,,,,FALSE,TRUE,,,,,,,,,,,,,,,,,,,,,,,,,,,,,,,,,,,,,,,,,,,,,,,,83.5,,,,8.095,,,,,,,6.867,,,,,,,,,,,,,,,,,,,,,,,,,,,,,,,,52.41880475,-2.56594710,26.9,,,,,,,,,,,,,,,,,,,,,,,,,,,,Mini 4 Pro,SYN3A9N8J6PYHE4C6,CAMQDW5LNMQ7SS8CM,RCSUY6FSVDZ5XQLBB,BATWDKLB4TQAB5JCT,,,,,,,,Mini 4 Pro,SYN3A9N8J6PYHE4C6,,,,DJI Fly,,1.13.5,C2FF9B46-305D-55E5-AB92-E0357A920CB9,,,,,,,,,,
1773874592,0m 32.0s,32.0,52.41891087,-2.56589592,108.3,108.3,30.0,288.3,40.4,9.171,9.171,8.799,,2.588,,-0.000,,1.43,0.00,16.4,16.4,,P-GPS,,,18,4,TRUE,,Mini 4 Pro,,,,,,FALSE,TRUE,,,,,,,,,,,,,,,,,,,,,,,,,,,,,,,,,,,,,,,,,,,,,,,,83.5,,,,8.094,,,,,,,6.867,,,,,,,,,,,,,,,,,,,,,,,,,,,,,,,,52.41880475,-2.56594710,40.4,,,,,,,,,,,,,,,,,,,,,,,,,,,,Mini 4 Pro,SYN3A9N8J6PYHE4C6,CAMQDW5LNMQ7SS8CM,RCSUY6FSVDZ5XQLBB,BATWDKLB4TQAB5JCT,,,,,,,,Mini 4 Pro,SYN3A9N8J6PYHE4C6,,,,DJI Fly,,1.13.5,C2FF9B46-305D-55E5-AB92-E0357A920CB9,,,,,,,,,,
1773874593,0m 33.0s,33.0,52.41894624,-2.56587886,108.3,108.3,30.0,288.3,53.8,9.171,9.171,8.799,,2.588,,-0.000,,1.43,0.00,16.4,16.4,,P-GPS,,,18,4,TRUE,,Mini 4 Pro,,,,,,FALSE,TRUE,,,,,,,,,,,,,,,,,,,,,,,,,,,,,,,,,,,,,,,,,,,,,,,,83.4,,,,8.093,,,,,,,6.867,,,,,,,,,,,,,,,,,,,,,,,,,,,,,,,,52.41880475,-2.56594710,53.8,,,,,,,,,,,,,,,,,,,,,,,,,,,,Mini 4 Pro,SYN3A9N8J6PYHE4C6,CAMQDW5LNMQ7SS8CM,RCSUY6FSVDZ5XQLBB,BATWDKLB4TQAB5JCT,,,,,,,,Mini 4 Pro,SYN3A9N8J6PYHE4C6,,,,DJI Fly,,1.13.5,C2FF9B46-305D-55E5-AB92-E0357A920CB9,,,,,,,,,,
1773874594,0m 34.0s,34.0,52.41898162,-2.56586180,108.3,108.3,30.0,288.3,67.3,9.171,9.171,8.799,,2.588,,-0.000,,1.43,0.00,16.4,16.4,,P-GPS,,,18,4,TRUE,,Mini 4 Pro,,,,,,FALSE,TRUE,,,,,,,,,,,,,,,,,,,,,,,,,,,,,,,,,,,,,,,,,,,,,,,,83.4,,,,8.093,,,,,,,6.867,,,,,,,,,,,,,,,,,,,,,,,,,,,,,,,,52.41880475,-2.56594710,67.3,,,,,,,,,,,,,,,,,,,,,,,,,,,,Mini 4 Pro,SYN3A9N8J6PYHE4C6,CAMQDW5LNMQ7SS8CM,RCSUY6FSVDZ5XQLBB,BATWDKLB4TQAB5JCT,,,,,,,,Mini 4 Pro,SYN3A9N8J6PYHE4C6,,,,DJI Fly,,1.13.5,C2FF9B46-305D-55E5-AB92-E0357A920CB9,,,,,,,,,,
1773874595,0m 35.0s,35.0,52.41901699,-2.56584474,108.3,108.3,30.0,288.3,80.7,9.171,9.171,8.799,,2.588,,-0.000,,1.43,0.00,16.4,16.4,,P-GPS,,,18,4,TRUE,,Mini 4 Pro,,,,,,FALSE,TRUE,,,,,,,,,,,,,,,,,,,,,,,,,,,,,,,,,,,,,,,,,,,,,,,,83.4,,,,8.092,,,,,,,6.867,,,,,,,,,,,,,,,,,,,,,,,,,,,,,,,,52.41880475,-2.56594710,80.7,,,,,,,,,,,,,,,,,,,,,,,,,,,,Mini 4 Pro,SYN3A9N8J6PYHE4C6,CAMQDW5LNMQ7SS8CM,RCSUY6FSVDZ5XQLBB,BATWDKLB4TQAB5JCT,,,,,,,,Mini 4 Pro,SYN3A9N8J6PYHE4C6,,,,DJI Fly,,1.13.5,C2FF9B46-305D-55E5-AB92-E0357A920CB9,,,,,,,,,,
1773874596,0m 36.0s,36.0,52.41905237,-2.56582768,108.3,108.3,30.0,288.3,94.2,9.171,9.171,8.799,,2.588,,-0.000,,1.43,0.00,16.4,16.4,,P-GPS,,,18,4,TRUE,,Mini 4 Pro,,,,,,FALSE,TRUE,,,,,,,,,,,,,,,,,,,,,,,,,,,,,,,,,,,,,,,,,,,,,,,,83.3,,,,8.091,,,,,,,6.867,,,,,,,,,,,,,,,,,,,,,,,,,,,,,,,,52.41880475,-2.56594710,94.2,,,,,,,,,,,,,,,,,,,,,,,,,,,,Mini 4 Pro,SYN3A9N8J6PYHE4C6,CAMQDW5LNMQ7SS8CM,RCSUY6FSVDZ5XQLBB,BATWDKLB4TQAB5JCT,,,,,,,,Mini 4 Pro,SYN3A9N8J6PYHE4C6,,,,DJI Fly,,1.13.5,C2FF9B46-305D-55E5-AB92-E0357A920CB9,,,,,,,,,,
1773874597,0m 37.0s,37.0,52.41908774,-2.56581062,108.3,108.3,30.0,288.3,107.6,9.171,9.171,8.799,,2.588,,-0.000,,1.43,0.00,16.4,16.4,,P-GPS,,,18,4,TRUE,,Mini 4 Pro,,,,,,FALSE,TRUE,,,,,,,,,,,,,,,,,,,,,,,,,,,,,,,,,,,,,,,,,,,,,,,,83.3,,,,8.091,,,,,,,6.867,,,,,,,,,,,,,,,,,,,,,,,,,,,,,,,,52.41880475,-2.56594710,107.6,,,,,,,,,,,,,,,,,,,,,,,,,,,,Mini 4 Pro,SYN3A9N8J6PYHE4C6,CAMQDW5LNMQ7SS8CM,RCSUY6FSVDZ5XQLBB,BATWDKLB4TQAB5JCT,,,,,,,,Mini 4 Pro,SYN3A9N8J6PYHE4C6,,,,DJI Fly,,1.13.5,C2FF9B46-305D-55E5-AB92-E0357A920CB9,,,,,,,,,,
1773874598,0m 38.0s,38.0,52.41912311,-2.56579356,108.3,108.3,30.0,288.3,121.1,9.171,9.171,8.799,,2.588,,-0.000,,1.43,0.00,16.4,16.4,,P-GPS,,,18,4,TRUE,,Mini 4 Pro,,,,,,FALSE,TRUE,,,,,,,,,,,,,,,,,,,,,,,,,,,,,,,,,,,,,,,,,,,,,,,,83.2,,,,8.090,,,,,,,6.867,,,,,,,,,,,,,,,,,,,,,,,,,,,,,,,,52.41880475,-2.56594710,121.1,,,,,,,,,,,,,,,,,,,,,,,,,,,,Mini 4 Pro,SYN3A9N8J6PYHE4C6,CAMQDW5LNMQ7SS8CM,RCSUY6FSVDZ5XQLBB,BATWDKLB4TQAB5JCT,,,,,,,,Mini 4 Pro,SYN3A9N8J6PYHE4C6,,,,DJI Fly,,1.13.5,C2FF9B46-305D-55E5-AB92-E0357A920CB9,,,,,,,,,,
1773874599,0m 39.0s,39.0,52.41915849,-2.56577651,108.3,108.3,30.0,288.3,134.5,9.171,9.171,8.799,,2.588,,-0.000,,1.43,0.00,16.4,16.4,,P-GPS,,,18,4,TRUE,,Mini 4 Pro,,,,,,FALSE,TRUE,,,,,,,,,,,,,,,,,,,,,,,,,,,,,,,,,,,,,,,,,,,,,,,,83.2,,,,8.089,,,,,,,6.867,,,,,,,,,,,,,,,,,,,,,,,,,,,,,,,,52.41880475,-2.56594710,134.5,,,,,,,,,,,,,,,,,,,,,,,,,,,,Mini 4 Pro,SYN3A9N8J6PYHE4C6,CAMQDW5LNMQ7SS8CM,RCSUY6FSVDZ5XQLBB,BATWDKLB4TQAB5JCT,,,,,,,,Mini 4 Pro,SYN3A9N8J6PYHE4C6,,,,DJI Fly,,1.13.5,C2FF9B46-305D-55E5-AB92-E0357A920CB9,,,,,,,,,,
1773874600,0m 40.0s,40.0,52.41919386,-2.56575945,108.3,108.3,30.0,288.3,148.0,9.171,9.171,8.799,,2.588,,-0.000,,1.43,0.00,16.4,16.4,,P-GPS,,,18,4,TRUE,,Mini 4 Pro,,,,,,FALSE,TRUE,,,,,,,,,,,,,,,,,,,,,,,,,,,,,,,,,,,,,,,,,,,,,,,,83.1,,,,8.088,,,,,,,6.867,,,,,,,,,,,,,,,,,,,,,,,,,,,,,,,,52.41880475,-2.56594710,148.0,,,,,,,,,,,,,,,,,,,,,,,,,,,,Mini 4 Pro,SYN3A9N8J6PYHE4C6,CAMQDW5LNMQ7SS8CM,RCSUY6FSVDZ5XQLBB,BATWDKLB4TQAB5JCT,,,,,,,,Mini 4 Pro,SYN3A9N8J6PYHE4C6,,,,DJI Fly,,1.13.5,C2FF9B46-305D-55E5-AB92-E0357A920CB9,,,,,,,,,,
1773874601,0m 41.0s,41.0,52.41922924,-2.56574239,108.3,108.3,30.0,288.3,161.4,9.171,9.171,8.799,,2.588,,-0.000,,1.43,0.00,16.4,16.4,,P-GPS,,,18,4,TRUE,,Mini 4 Pro,,,,,,FALSE,TRUE,,,,,,,,,,,,,,,,,,,,,,,,,,,,,,,,,,,,,,,,,,,,,,,,83.1,,,,8.088,,,,,,,6.867,,,,,,,,,,,,,,,,,,,,,,,,,,,,,,,,52.41880475,-2.56594710,161.4,,,,,,,,,,,,,,,,,,,,,,,,,,,,Mini 4 Pro,SYN3A9N8J6PYHE4C6,CAMQDW5LNMQ7SS8CM,RCSUY6FSVDZ5XQLBB,BATWDKLB4TQAB5JCT,,,,,,,,Mini 4 Pro,SYN3A9N8J6PYHE4C6,,,,DJI Fly,,1.13.5,C2FF9B46-305D-55E5-AB92-E0357A920CB9,,,,,,,,,,
1773874602,0m 42.0s,42.0,52.41926461,-2.56572533,108.3,108.3,30.0,288.3,174.9,9.171,9.171,8.799,,2.588,,-0.000,,1.43,0.00,16.4,16.4,,P-GPS,,,18,4,TRUE,,Mini 4 Pro,,,,,,FALSE,TRUE,,,,,,,,,,,,,,,,,,,,,,,,,,,,,,,,,,,,,,,,,,,,,,,,83.0,,,,8.087,,,,,,,6.867,,,,,,,,,,,,,,,,,,,,,,,,,,,,,,,,52.41880475,-2.56594710,174.9,,,,,,,,,,,,,,,,,,,,,,,,,,,,Mini 4 Pro,SYN3A9N8J6PYHE4C6,CAMQDW5LNMQ7SS8CM,RCSUY6FSVDZ5XQLBB,BATWDKLB4TQAB5JCT,,,,,,,,Mini 4 Pro,SYN3A9N8J6PYHE4C6,,,,DJI Fly,,1.13.5,C2FF9B46-305D-55E5-AB92-E0357A920CB9,,,,,,,,,,
1773874603,0m 43.0s,43.0,52.41929998,-2.56570827,108.3,108.3,30.0,288.3,188.3,9.171,9.171,8.799,,2.588,,-0.000,,1.43,0.00,16.4,16.4,,P-GPS,,,18,4,TRUE,,Mini 4 Pro,,,,,,FALSE,TRUE,,,,,,,,,,,,,,,,,,,,,,,,,,,,,,,,,,,,,,,,,,,,,,,,83.0,,,,8.086,,,,,,,6.867,,,,,,,,,,,,,,,,,,,,,,,,,,,,,,,,52.41880475,-2.56594710,188.3,,,,,,,,,,,,,,,,,,,,,,,,,,,,Mini 4 Pro,SYN3A9N8J6PYHE4C6,CAMQDW5LNMQ7SS8CM,RCSUY6FSVDZ5XQLBB,BATWDKLB4TQAB5JCT,,,,,,,,Mini 4 Pro,SYN3A9N8J6PYHE4C6,,,,DJI Fly,,1.13.5,C2FF9B46-305D-55E5-AB92-E0357A920CB9,,,,,,,,,,
1773874604,0m 44.0s,44.0,52.41933536,-2.56569121,108.3,108.3,30.0,288.3,201.8,9.171,9.171,8.799,,2.588,,-0.000,,1.43,0.00,16.4,16.4,,P-GPS,,,18,4,TRUE,,Mini 4 Pro,,,,,,FALSE,TRUE,,,,,,,,,,,,,,,,,,,,,,,,,,,,,,,,,,,,,,,,,,,,,,,,82.9,,,,8.085,,,,,,,6.867,,,,,,,,,,,,,,,,,,,,,,,,,,,,,,,,52.41880475,-2.56594710,201.8,,,,,,,,,,,,,,,,,,,,,,,,,,,,Mini 4 Pro,SYN3A9N8J6PYHE4C6,CAMQDW5LNMQ7SS8CM,RCSUY6FSVDZ5XQLBB,BATWDKLB4TQAB5JCT,,,,,,,,Mini 4 Pro,SYN3A9N8J6PYHE4C6,,,,DJI Fly,,1.13.5,C2FF9B46-305D-55E5-AB92-E0357A920CB9,,,,,,,,,,
1773874605,0m 45.0s,45.0,52.41937073,-2.56567415,108.3,108.3,30.0,288.3,215.2,9.171,9.171,8.799,,2.588,,-0.000,,1.44,0.00,16.4,16.4,,P-GPS,,,18,4,TRUE,,Mini 4 Pro,,,,,,FALSE,TRUE,,,,,,,,,,,,,,,,,,,,,,,,,,,,,,,,,,,,,,,,,,,,,,,,82.9,,,,8.085,,,,,,,6.867,,,,,,,,,,,,,,,,,,,,,,,,,,,,,,,,52.41880475,-2.56594710,215.2,,,,,,,,,,,,,,,,,,,,,,,,,,,,Mini 4 Pro,SYN3A9N8J6PYHE4C6,CAMQDW5LNMQ7SS8CM,RCSUY6FSVDZ5XQLBB,BATWDKLB4TQAB5JCT,,,,,,,,Mini 4 Pro,SYN3A9N8J6PYHE4C6,,,,DJI Fly,,1.13.5,C2FF9B46-305D-55E5-AB92-E0357A920CB9,,,,,,,,,,
1773874606,0m 46.0s,46.0,52.41940611,-2.56565709,108.3,108.3,30.0,288.3,228.7,9.171,9.171,8.799,,2.588,,-0.000,,1.43,0.00,16.4,16.4,,P-GPS,,,18,4,TRUE,,Mini 4 Pro,,,,,,FALSE,TRUE,,,,,,,,,,,,,,,,,,,,,,,,,,,,,,,,,,,,,,,,,,,,,,,,82.8,,,,8.084,,,,,,,6.867,,,,,,,,,,,,,,,,,,,,,,,,,,,,,,,,52.41880475,-2.56594710,228.7,,,,,,,,,,,,,,,,,,,,,,,,,,,,Mini 4 Pro,SYN3A9N8J6PYHE4C6,CAMQDW5LNMQ7SS8CM,RCSUY6FSVDZ5XQLBB,BATWDKLB4TQAB5JCT,,,,,,,,Mini 4 Pro,SYN3A9N8J6PYHE4C6,,,,DJI Fly,,1.13.5,C2FF9B46-305D-55E5-AB92-E0357A920CB9,,,,,,,,,,
1773874607,0m 47.0s,47.0,52.41944148,-2.56564003,108.3,108.3,30.0,288.3,242.1,9.171,9.171,8.799,,2.588,,-0.000,,1.43,0.00,16.4,16.4,,P-GPS,,,18,4,TRUE,,Mini 4 Pro,,,,,,FALSE,TRUE,,,,,,,,,,,,,,,,,,,,,,,,,,,,,,,,,,,,,,,,,,,,,,,,82.8,,,,8.083,,,,,,,6.867,,,,,,,,,,,,,,,,,,,,,,,,,,,,,,,,52.41880475,-2.56594710,242.1,,,,,,,,,,,,,,,,,,,,,,,,,,,,Mini 4 Pro,SYN3A9N8J6PYHE4C6,CAMQDW5LNMQ7SS8CM,RCSUY6FSVDZ5XQLBB,BATWDKLB4TQAB5JCT,,,,,,,,Mini 4 Pro,SYN3A9N8J6PYHE4C6,,,,DJI Fly,,1.13.5,C2FF9B46-305D-55E5-AB92-E0357A920CB9,,,,,,,,,,
1773874608,0m 48.0s,48.0,52.41947685,-2.56562297,108.3,108.3,30.0,288.3,255.6,9.171,9.171,8.799,,2.588,,-0.000,,1.43,0.00,16.4,16.4,,P-GPS,,,18,4,TRUE,,Mini 4 Pro,,,,,,FALSE,TRUE,,,,,,,,,,,,,,,,,,,,,,,,,,,,,,,,,,,,,,,,,,,,,,,,82.7,,,,8.082,,,,,,,6.867,,,,,,,,,,,,,,,,,,,,,,,,,,,,,,,,52.41880475,-2.56594710,255.6,,,,,,,,,,,,,,,,,,,,,,,,,,,,Mini 4 Pro,SYN3A9N8J6PYHE4C6,CAMQDW5LNMQ7SS8CM,RCSUY6FSVDZ5XQLBB,BATWDKLB4TQAB5JCT,,,,,,,,Mini 4 Pro,SYN3A9N8J6PYHE4C6,,,,DJI Fly,,1.13.5,C2FF9B46-305D-55E5-AB92-E0357A920CB9,,,,,,,,,,
1773874609,0m 49.0s,49.0,52.41951223,-2.56560591,108.3,108.3,30.0,288.3,269.0,9.171,9.171,8.799,,2.588,,-0.000,,1.43,0.00,16.4,16.4,,P-GPS,,,18,4,TRUE,,Mini 4 Pro,,,,,,FALSE,TRUE,,,,,,,,,,,,,,,,,,,,,,,,,,,,,,,,,,,,,,,,,,,,,,,,82.7,,,,8.082,,,,,,,6.867,,,,,,,,,,,,,,,,,,,,,,,,,,,,,,,,52.41880475,-2.56594710,269.0,,,,,,,,,,,,,,,,,,,,,,,,,,,,Mini 4 Pro,SYN3A9N8J6PYHE4C6,CAMQDW5LNMQ7SS8CM,RCSUY6FSVDZ5XQLBB,BATWDKLB4TQAB5JCT,,,,,,,,Mini 4 Pro,SYN3A9N8J6PYHE4C6,,,,DJI Fly,,1.13.5,C2FF9B46-305D-55E5-AB92-E0357A920CB9,,,,,,,,,,
1773874610,0m 50.0s,50.0,52.41954760,-2.56558886,108.3,108.3,30.0,288.3,282.5,9.171,9.171,8.799,,2.588,,-0.000,,1.43,0.00,16.4,16.4,,P-GPS,,,18,4,TRUE,,Mini 4 Pro,,,,,,FALSE,TRUE,,,,,,,,,,,,,,,,,,,,,,,,,,,,,,,,,,,,,,,,,,,,,,,,82.6,,,,8.081,,,,,,,6.867,,,,,,,,,,,,,,,,,,,,,,,,,,,,,,,,52.41880475,-2.56594710,282.5,,,,,,,,,,,,,,,,,,,,,,,,,,,,Mini 4 Pro,SYN3A9N8J6PYHE4C6,CAMQDW5LNMQ7SS8CM,RCSUY6FSVDZ5XQLBB,BATWDKLB4TQAB5JCT,,,,,,,,Mini 4 Pro,SYN3A9N8J6PYHE4C6,,,,DJI Fly,,1.13.5,C2FF9B46-305D-55E5-AB92-E0357A920CB9,,,,,,,,,,
1773874611,0m 51.0s,51.0,52.41958297,-2.56557180,108.3,108.3,30.0,288.3,295.9,9.171,9.171,8.799,,2.588,,-0.000,,1.43,0.00,16.4,16.4,,P-GPS,,,18,4,TRUE,,Mini 4 Pro,,,,,,FALSE,TRUE,,,,,,,,,,,,,,,,,,,,,,,,,,,,,,,,,,,,,,,,,,,,,,,,82.6,,,,8.080,,,,,,,6.867,,,,,,,,,,,,,,,,,,,,,,,,,,,,,,,,52.41880475,-2.56594710,295.9,,,,,,,,,,,,,,,,,,,,,,,,,,,,Mini 4 Pro,SYN3A9N8J6PYHE4C6,CAMQDW5LNMQ7SS8CM,RCSUY6FSVDZ5XQLBB,BATWDKLB4TQAB5JCT,,,,,,,,Mini 4 Pro,SYN3A9N8J6PYHE4C6,,,,DJI Fly,,1.13.5,C2FF9B46-305D-55E5-AB92-E0357A920CB9,,,,,,,,,,
1773874612,0m 52.0s,52.0,52.41961835,-2.56555474,108.3,108.3,30.0,288.3,309.4,9.171,9.171,8.799,,2.588,,-0.000,,1.43,0.00,16.4,16.4,,P-GPS,,,18,4,TRUE,,Mini 4 Pro,,,,,,FALSE,TRUE,,,,,,,,,,,,,,,,,,,,,,,,,,,,,,,,,,,,,,,,,,,,,,,,82.6,,,,8.080,,,,,,,6.867,,,,,,,,,,,,,,,,,,,,,,,,,,,,,,,,52.41880475,-2.56594710,309.4,,,,,,,,,,,,,,,,,,,,,,,,,,,,Mini 4 Pro,SYN3A9N8J6PYHE4C6,CAMQDW5LNMQ7SS8CM,RCSUY6FSVDZ5XQLBB,BATWDKLB4TQAB5JCT,,,,,,,,Mini 4 Pro,SYN3A9N8J6PYHE4C6,,,,DJI Fly,,1.13.5,C2FF9B46-305D-55E5-AB92-E0357A920CB9,,,,,,,,,,
1773874613,0m 53.0s,53.0,52.41965372,-2.56553768,108.3,108.3,30.0,288.3,322.8,9.171,9.171,8.799,,2.588,,-0.000,,1.43,0.00,16.4,16.4,,P-GPS,,,18,4,TRUE,,Mini 4 Pro,,,,,,FALSE,TRUE,,,,,,,,,,,,,,,,,,,,,,,,,,,,,,,,,,,,,,,,,,,,,,,,82.5,,,,8.079,,,,,,,6.867,,,,,,,,,,,,,,,,,,,,,,,,,,,,,,,,52.41880475,-2.56594710,322.8,,,,,,,,,,,,,,,,,,,,,,,,,,,,Mini 4 Pro,SYN3A9N8J6PYHE4C6,CAMQDW5LNMQ7SS8CM,RCSUY6FSVDZ5XQLBB,BATWDKLB4TQAB5JCT,,,,,,,,Mini 4 Pro,SYN3A9N8J6PYHE4C6,,,,DJI Fly,,1.13.5,C2FF9B46-305D-55E5-AB92-E0357A920CB9,,,,,,,,,,
1773874614,0m 54.0s,54.0,52.41968910,-2.56552062,108.3,108.3,30.0,288.3,336.3,9.171,9.171,8.799,,2.588,,-0.000,,1.43,0.00,16.4,16.4,,P-GPS,,,18,4,TRUE,,Mini 4 Pro,,,,,,FALSE,TRUE,,,,,,,,,,,,,,,,,,,,,,,,,,,,,,,,,,,,,,,,,,,,,,,,82.5,,,,8.078,,,,,,,6.867,,,,,,,,,,,,,,,,,,,,,,,,,,,,,,,,52.41880475,-2.56594710,336.3,,,,,,,,,,,,,,,,,,,,,,,,,,,,Mini 4 Pro,SYN3A9N8J6PYHE4C6,CAMQDW5LNMQ7SS8CM,RCSUY6FSVDZ5XQLBB,BATWDKLB4TQAB5JCT,,,,,,,,Mini 4 Pro,SYN3A9N8J6PYHE4C6,,,,DJI Fly,,1.13.5,C2FF9B46-305D-55E5-AB92-E0357A920CB9,,,,,,,,,,
1773874615,0m 55.0s,55.0,52.41972447,-2.56550356,108.3,108.3,30.0,288.3,349.7,9.171,9.171,8.799,,2.588,,-0.000,,1.43,0.00,16.4,16.4,,P-GPS,,,18,4,TRUE,,Mini 4 Pro,,,,,,FALSE,TRUE,,,,,,,,,,,,,,,,,,,,,,,,,,,,,,,,,,,,,,,,,,,,,,,,82.4,,,,8.077,,,,,,,6.867,,,,,,,,,,,,,,,,,,,,,,,,,,,,,,,,52.41880475,-2.56594710,349.7,,,,,,,,,,,,,,,,,,,,,,,,,,,,Mini 4 Pro,SYN3A9N8J6PYHE4C6,CAMQDW5LNMQ7SS8CM,RCSUY6FSVDZ5XQLBB,BATWDKLB4TQAB5JCT,,,,,,,,Mini 4 Pro,SYN3A9N8J6PYHE4C6,,,,DJI Fly,,1.13.5,C2FF9B46-305D-55E5-AB92-E0357A920CB9,,,,,,,,,,
1773874616,0m 56.0s,56.0,52.41975984,-2.56548650,108.3,108.3,30.0,288.3,363.2,9.171,9.171,8.799,,2.588,,-0.000,,1.43,0.00,16.4,16.4,,P-GPS,,,18,4,TRUE,,Mini 4 Pro,,,,,,FALSE,TRUE,,,,,,,,,,,,,,,,,,,,,,,,,,,,,,,,,,,,,,,,,,,,,,,,82.4,,,,8.077,,,,,,,6.867,,,,,,,,,,,,,,,,,,,,,,,,,,,,,,,,52.41880475,-2.56594710,363.2,,,,,,,,,,,,,,,,,,,,,,,,,,,,Mini 4 Pro,SYN3A9N8J6PYHE4C6,CAMQDW5LNMQ7SS8CM,RCSUY6FSVDZ5XQLBB,BATWDKLB4TQAB5JCT,,,,,,,,Mini 4 Pro,SYN3A9N8J6PYHE4C6,,,,DJI Fly,,1.13.5,C2FF9B46-305D-55E5-AB92-E0357A920CB9,,,,,,,,,,
1773874617,0m 57.0s,57.0,52.41979522,-2.56546944,108.3,108.3,30.0,288.3,376.6,9.171,9.171,8.799,,2.588,,-0.000,,1.43,0.00,16.4,16.4,,P-GPS,,,18,4,TRUE,,Mini 4 Pro,,,,,,FALSE,TRUE,,,,,,,,,,,,,,,,,,,,,,,,,,,,,,,,,,,,,,,,,,,,,,,,82.3,,,,8.076,,,,,,,6.867,,,,,,,,,,,,,,,,,,,,,,,,,,,,,,,,52.41880475,-2.56594710,376.6,,,,,,,,,,,,,,,,,,,,,,,,,,,,Mini 4 Pro,SYN3A9N8J6PYHE4C6,CAMQDW5LNMQ7SS8CM,RCSUY6FSVDZ5XQLBB,BATWDKLB4TQAB5JCT,,,,,,,,Mini 4 Pro,SYN3A9N8J6PYHE4C6,,,,DJI Fly,,1.13.5,C2FF9B46-305D-55E5-AB92-E0357A920CB9,,,,,,,,,,
1773874618,0m 58.0s,58.0,52.41983059,-2.56545238,108.3,108.3,30.0,288.3,390.1,9.171,9.171,8.799,,2.588,,-0.000,,1.43,0.00,16.4,16.4,,P-GPS,,,18,4,TRUE,,Mini 4 Pro,,,,,,FALSE,TRUE,,,,,,,,,,,,,,,,,,,,,,,,,,,,,,,,,,,,,,,,,,,,,,,,82.3,,,,8.075,,,,,,,6.867,,,,,,,,,,,,,,,,,,,,,,,,,,,,,,,,52.41880475,-2.56594710,390.1,,,,,,,,,,,,,,,,,,,,,,,,,,,,Mini 4 Pro,SYN3A9N8J6PYHE4C6,CAMQDW5LNMQ7SS8CM,RCSUY6FSVDZ5XQLBB,BATWDKLB4TQAB5JCT,,,,,,,,Mini 4 Pro,SYN3A9N8J6PYHE4C6,,,,DJI Fly,,1.13.5,C2FF9B46-305D-55E5-AB92-E0357A920CB9,,,,,,,,,,
1773874619,0m 59.0s,59.0,52.41986597,-2.56543532,108.3,108.3,30.0,288.3,403.5,9.171,9.171,8.799,,2.588,,-0.000,,1.43,0.00,16.4,16.4,,P-GPS,,,18,4,TRUE,,Mini 4 Pro,,,,,,FALSE,TRUE,,,,,,,,,,,,,,,,,,,,,,,,,,,,,,,,,,,,,,,,,,,,,,,,82.2,,,,8.074,,,,,,,6.867,,,,,,,,,,,,,,,,,,,,,,,,,,,,,,,,52.41880475,-2.56594710,403.5,,,,,,,,,,,,,,,,,,,,,,,,,,,,Mini 4 Pro,SYN3A9N8J6PYHE4C6,CAMQDW5LNMQ7SS8CM,RCSUY6FSVDZ5XQLBB,BATWDKLB4TQAB5JCT,,,,,,,,Mini 4 Pro,SYN3A9N8J6PYHE4C6,,,,DJI Fly,,1.13.5,C2FF9B46-305D-55E5-AB92-E0357A920CB9,,,,,,,,,,
1773874620,1m 0.0s,60.0,52.41990134,-2.56541826,108.3,108.3,30.0,288.3,417.0,9.171,9.171,8.799,,2.588,,-0.000,,1.43,0.00,16.4,16.4,,P-GPS,,,18,4,TRUE,,Mini 4 Pro,,,,,,FALSE,TRUE,,,,,,,,,,,,,,,,,,,,,,,,,,,,,,,,,,,,,,,,,,,,,,,,82.2,,,,8.074,,,,,,,6.867,,,,,,,,,,,,,,,,,,,,,,,,,,,,,,,,52.41880475,-2.56594710,417.0,,,,,,,,,,,,,,,,,,,,,,,,,,,,Mini 4 Pro,SYN3A9N8J6PYHE4C6,CAMQDW5LNMQ7SS8CM,RCSUY6FSVDZ5XQLBB,BATWDKLB4TQAB5JCT,,,,,,,,Mini 4 Pro,SYN3A9N8J6PYHE4C6,,,,DJI Fly,,1.13.5,C2FF9B46-305D-55E5-AB92-E0357A920CB9,,,,,,,,,,
1773874621,1m 1.0s,61.0,52.41993671,-2.56540121,108.3,108.3,30.0,288.3,430.4,9.171,9.171,8.799,,2.588,,-0.000,,1.43,0.00,16.4,16.4,,P-GPS,,,18,4,TRUE,,Mini 4 Pro,,,,,,FALSE,TRUE,,,,,,,,,,,,,,,,,,,,,,,,,,,,,,,,,,,,,,,,,,,,,,,,82.1,,,,8.073,,,,,,,6.867,,,,,,,,,,,,,,,,,,,,,,,,,,,,,,,,52.41880475,-2.56594710,430.4,,,,,,,,,,,,,,,,,,,,,,,,,,,,Mini 4 Pro,SYN3A9N8J6PYHE4C6,CAMQDW5LNMQ7SS8CM,RCSUY6FSVDZ5XQLBB,BATWDKLB4TQAB5JCT,,,,,,,,Mini 4 Pro,SYN3A9N8J6PYHE4C6,,,,DJI Fly,,1.13.5,C2FF9B46-305D-55E5-AB92-E0357A920CB9,,,,,,,,,,
1773874622,1m 2.0s,62.0,52.41997209,-2.56538415,108.3,108.3,30.0,288.3,443.9,9.171,9.171,8.799,,2.588,,-0.000,,1.43,0.00,16.4,16.4,,P-GPS,,,18,4,TRUE,,Mini 4 Pro,,,,,,FALSE,TRUE,,,,,,,,,,,,,,,,,,,,,,,,,,,,,,,,,,,,,,,,,,,,,,,,82.1,,,,8.072,,,,,,,6.867,,,,,,,,,,,,,,,,,,,,,,,,,,,,,,,,52.41880475,-2.56594710,443.9,,,,,,,,,,,,,,,,,,,,,,,,,,,,Mini 4 Pro,SYN3A9N8J6PYHE4C6,CAMQDW5LNMQ7SS8CM,RCSUY6FSVDZ5XQLBB,BATWDKLB4TQAB5JCT,,,,,,,,Mini 4 Pro,SYN3A9N8J6PYHE4C6,,,,DJI Fly,,1.13.5,C2FF9B46-305D-55E5-AB92-E0357A920CB9,,,,,,,,,,
1773874623,1m 3.0s,63.0,52.42000746,-2.56536709,108.3,108.3,30.0,288.3,457.3,9.171,9.171,8.799,,2.588,,-0.000,,1.43,0.00,16.4,16.4,,P-GPS,,,18,4,TRUE,,Mini 4 Pro,,,,,,FALSE,TRUE,,,,,,,,,,,,,,,,,,,,,,,,,,,,,,,,,,,,,,,,,,,,,,,,82.0,,,,8.072,,,,,,,6.867,,,,,,,,,,,,,,,,,,,,,,,,,,,,,,,,52.41880475,-2.56594710,457.3,,,,,,,,,,,,,,,,,,,,,,,,,,,,Mini 4 Pro,SYN3A9N8J6PYHE4C6,CAMQDW5LNMQ7SS8CM,RCSUY6FSVDZ5XQLBB,BATWDKLB4TQAB5JCT,,,,,,,,Mini 4 Pro,SYN3A9N8J6PYHE4C6,,,,DJI Fly,,1.13.5,C2FF9B46-305D-55E5-AB92-E0357A920CB9,,,,,,,,,,
1773874624,1m 4.0s,64.0,52.42004284,-2.56535003,108.3,108.3,30.0,288.3,470.8,9.171,9.171,8.799,,2.588,,-0.000,,1.43,0.00,16.4,16.4,,P-GPS,,,18,4,TRUE,,Mini 4 Pro,,,,,,FALSE,TRUE,,,,,,,,,,,,,,,,,,,,,,,,,,,,,,,,,,,,,,,,,,,,,,,,82.0,,,,8.071,,,,,,,6.867,,,,,,,,,,,,,,,,,,,,,,,,,,,,,,,,52.41880475,-2.56594710,470.8,,,,,,,,,,,,,,,,,,,,,,,,,,,,Mini 4 Pro,SYN3A9N8J6PYHE4C6,CAMQDW5LNMQ7SS8CM,RCSUY6FSVDZ5XQLBB,BATWDKLB4TQAB5JCT,,,,,,,,Mini 4 Pro,SYN3A9N8J6PYHE4C6,,,,DJI Fly,,1.13.5,C2FF9B46-305D-55E5-AB92-E0357A920CB9,,,,,,,,,,
1773874625,1m 5.0s,65.0,52.42007821,-2.56533297,108.3,108.3,30.0,288.3,484.3,9.171,9.171,8.799,,2.588,,-0.000,,1.43,0.00,16.4,16.4,,P-GPS,,,18,4,TRUE,,Mini 4 Pro,,,,,,FALSE,TRUE,,,,,,,,,,,,,,,,,,,,,,,,,,,,,,,,,,,,,,,,,,,,,,,,81.9,,,,8.070,,,,,,,6.867,,,,,,,,,,,,,,,,,,,,,,,,,,,,,,,,52.41880475,-2.56594710,484.3,,,,,,,,,,,,,,,,,,,,,,,,,,,,Mini 4 Pro,SYN3A9N8J6PYHE4C6,CAMQDW5LNMQ7SS8CM,RCSUY6FSVDZ5XQLBB,BATWDKLB4TQAB5JCT,,,,,,,,Mini 4 Pro,SYN3A9N8J6PYHE4C6,,,,DJI Fly,,1.13.5,C2FF9B46-305D-55E5-AB92-E0357A920CB9,,,,,,,,,,
1773874626,1m 6.0s,66.0,52.42011358,-2.56531591,108.3,108.3,30.0,288.3,497.7,9.171,9.171,8.799,,2.588,,-0.000,,1.43,0.00,16.4,16.4,,P-GPS,,,18,4,TRUE,,Mini 4 Pro,,,,,,FALSE,TRUE,,,,,,,,,,,,,,,,,,,,,,,,,,,,,,,,,,,,,,,,,,,,,,,,81.9,,,,8.069,,,,,,,6.867,,,,,,,,,,,,,,,,,,,,,,,,,,,,,,,,52.41880475,-2.56594710,497.7,,,,,,,,,,,,,,,,,,,,,,,,,,,,Mini 4 Pro,SYN3A9N8J6PYHE4C6,CAMQDW5LNMQ7SS8CM,RCSUY6FSVDZ5XQLBB,BATWDKLB4TQAB5JCT,,,,,,,,Mini 4 Pro,SYN3A9N8J6PYHE4C6,,,,DJI Fly,,1.13.5,C2FF9B46-305D-55E5-AB92-E0357A920CB9,,,,,,,,,,
1773874627,1m 7.0s,67.0,52.42014896,-2.56529885,108.3,108.3,30.0,288.3,511.2,9.171,9.171,8.799,,2.588,,-0.000,,1.43,0.00,16.4,16.4,,P-GPS,,,18,4,TRUE,,Mini 4 Pro,,,,,,FALSE,TRUE,,,,,,,,,,,,,,,,,,,,,,,,,,,,,,,,,,,,,,,,,,,,,,,,81.8,,,,8.069,,,,,,,6.867,,,,,,,,,,,,,,,,,,,,,,,,,,,,,,,,52.41880475,-2.56594710,511.2,,,,,,,,,,,,,,,,,,,,,,,,,,,,Mini 4 Pro,SYN3A9N8J6PYHE4C6,CAMQDW5LNMQ7SS8CM,RCSUY6FSVDZ5XQLBB,BATWDKLB4TQAB5JCT,,,,,,,,Mini 4 Pro,SYN3A9N8J6PYHE4C6,,,,DJI Fly,,1.13.5,C2FF9B46-305D-55E5-AB92-E0357A920CB9,,,,,,,,,,
1773874628,1m 8.0s,68.0,52.42018433,-2.56528179,108.3,108.3,30.0,288.3,524.6,9.171,9.171,8.799,,2.588,,-0.000,,1.43,0.00,16.4,16.4,,P-GPS,,,18,4,TRUE,,Mini 4 Pro,,,,,,FALSE,TRUE,,,,,,,,,,,,,,,,,,,,,,,,,,,,,,,,,,,,,,,,,,,,,,,,81.8,,,,8.068,,,,,,,6.867,,,,,,,,,,,,,,,,,,,,,,,,,,,,,,,,52.41880475,-2.56594710,524.6,,,,,,,,,,,,,,,,,,,,,,,,,,,,Mini 4 Pro,SYN3A9N8J6PYHE4C6,CAMQDW5LNMQ7SS8CM,RCSUY6FSVDZ5XQLBB,BATWDKLB4TQAB5JCT,,,,,,,,Mini 4 Pro,SYN3A9N8J6PYHE4C6,,,,DJI Fly,,1.13.5,C2FF9B46-305D-55E5-AB92-E0357A920CB9,,,,,,,,,,
1773874629,1m 9.0s,69.0,52.42021970,-2.56526473,108.3,108.3,30.0,288.3,538.1,9.171,9.171,8.799,,2.588,,-0.000,,1.43,-0.00,16.4,16.4,,P-GPS,,,18,4,TRUE,,Mini 4 Pro,,,,,,FALSE,TRUE,,,,,,,,,,,,,,,,,,,,,,,,,,,,,,,,,,,,,,,,,,,,,,,,81.8,,,,8.067,,,,,,,6.867,,,,,,,,,,,,,,,,,,,,,,,,,,,,,,,,52.41880475,-2.56594710,538.1,,,,,,,,,,,,,,,,,,,,,,,,,,,,Mini 4 Pro,SYN3A9N8J6PYHE4C6,CAMQDW5LNMQ7SS8CM,RCSUY6FSVDZ5XQLBB,BATWDKLB4TQAB5JCT,,,,,,,,Mini 4 Pro,SYN3A9N8J6PYHE4C6,,,,DJI Fly,,1.13.5,C2FF9B46-305D-55E5-AB92-E0357A920CB9,,,,,,,,,,
1773874630,1m 10.0s,70.0,52.42025508,-2.56524767,108.3,108.3,30.0,288.3,551.5,9.171,9.171,8.799,,2.588,,-0.000,,1.43,0.00,16.4,16.4,,P-GPS,,,18,4,TRUE,,Mini 4 Pro,,,,,,FALSE,TRUE,,,,,,,,,,,,,,,,,,,,,,,,,,,,,,,,,,,,,,,,,,,,,,,,81.7,,,,8.066,,,,,,,6.867,,,,,,,,,,,,,,,,,,,,,,,,,,,,,,,,52.41880475,-2.56594710,551.5,,,,,,,,,,,,,,,,,,,,,,,,,,,,Mini 4 Pro,SYN3A9N8J6PYHE4C6,CAMQDW5LNMQ7SS8CM,RCSUY6FSVDZ5XQLBB,BATWDKLB4TQAB5JCT,,,,,,,,Mini 4 Pro,SYN3A9N8J6PYHE4C6,,,,DJI Fly,,1.13.5,C2FF9B46-305D-55E5-AB92-E0357A920CB9,,,,,,,,,,
1773874631,1m 11.0s,71.0,52.42029045,-2.56523061,108.3,108.3,30.0,288.3,565.0,9.171,9.171,8.799,,2.588,,-0.000,,1.43,0.00,16.4,16.4,,P-GPS,,,18,4,TRUE,,Mini 4 Pro,,,,,,FALSE,TRUE,,,,,,,,,,,,,,,,,,,,,,,,,,,,,,,,,,,,,,,,,,,,,,,,81.7,,,,8.066,,,,,,,6.867,,,,,,,,,,,,,,,,,,,,,,,,,,,,,,,,52.41880475,-2.56594710,565.0,,,,,,,,,,,,,,,,,,,,,,,,,,,,Mini 4 Pro,SYN3A9N8J6PYHE4C6,CAMQDW5LNMQ7SS8CM,RCSUY6FSVDZ5XQLBB,BATWDKLB4TQAB5JCT,,,,,,,,Mini 4 Pro,SYN3A9N8J6PYHE4C6,,,,DJI Fly,,1.13.5,C2FF9B46-305D-55E5-AB92-E0357A920CB9,,,,,,,,,,
1773874632,1m 12.0s,72.0,52.42032583,-2.56521356,108.3,108.3,30.0,288.3,578.4,9.171,9.171,8.799,,2.588,,-0.000,,1.43,0.00,16.4,16.4,,P-GPS,,,18,4,TRUE,,Mini 4 Pro,,,,,,FALSE,TRUE,,,,,,,,,,,,,,,,,,,,,,,,,,,,,,,,,,,,,,,,,,,,,,,,81.6,,,,8.065,,,,,,,6.867,,,,,,,,,,,,,,,,,,,,,,,,,,,,,,,,52.41880475,-2.56594710,578.4,,,,,,,,,,,,,,,,,,,,,,,,,,,,Mini 4 Pro,SYN3A9N8J6PYHE4C6,CAMQDW5LNMQ7SS8CM,RCSUY6FSVDZ5XQLBB,BATWDKLB4TQAB5JCT,,,,,,,,Mini 4 Pro,SYN3A9N8J6PYHE4C6,,,,DJI Fly,,1.13.5,C2FF9B46-305D-55E5-AB92-E0357A920CB9,,,,,,,,,,
1773874633,1m 13.0s,73.0,52.42033360,-2.56520981,108.3,108.3,30.0,288.3,581.4,2.014,9.171,1.932,,0.568,,-0.000,,0.32,-0.00,16.4,16.4,,P-GPS,,,18,4,TRUE,,Mini 4 Pro,,,,,,FALSE,TRUE,,,,,,,,,,,,,,,,,,,,,,,,,,,,,,,,,,,,,,,,,,,,,,,,81.6,,,,8.064,,,,,,,5.107,,,,,,,,,,,,,,,,,,,,,,,,,,,,,,,,52.41880475,-2.56594710,581.4,,,,,,,,,,,,,,,,,,,,,,,,,,,,Mini 4 Pro,SYN3A9N8J6PYHE4C6,CAMQDW5LNMQ7SS8CM,RCSUY6FSVDZ5XQLBB,BATWDKLB4TQAB5JCT,,,,,,,,Mini 4 Pro,SYN3A9N8J6PYHE4C6,,,,DJI Fly,,1.13.5,C2FF9B46-305D-55E5-AB92-E0357A920CB9,,,,,,,,,,
1773874634,1m 14.0s,74.0,52.42033360,-2.56520981,108.3,108.3,30.0,288.3,581.4,0.000,9.171,0.000,,0.000,,-0.000,,0.00,0.00,16.4,16.4,,P-GPS,,,18,4,TRUE,,Mini 4 Pro,,,,,,FALSE,TRUE,,,,,,,,,,,,,,,,,,,,,,,,,,,,,,,,,,,,,,,,,,,,,,,,81.5,,,,8.064,,,,,,,4.612,,,,,,,,,,,,,,,,,,,,,,,,,,,,,,,,52.41880475,-2.56594710,581.4,,,,,,,,,,,,,,,,,,,,,,,,,,,,Mini 4 Pro,SYN3A9N8J6PYHE4C6,CAMQDW5LNMQ7SS8CM,RCSUY6FSVDZ5XQLBB,BATWDKLB4TQAB5JCT,,,,,,,,Mini 4 Pro,SYN3A9N8J6PYHE4C6,,,,DJI Fly,,1.13.5,C2FF9B46-305D-55E5-AB92-E0357A920CB9,,,,,,,,,,
1773874635,1m 15.0s,75.0,52.42033360,-2.56520981,108.3,108.3,30.0,288.3,581.4,0.000,9.171,0.000,,0.000,,-0.000,,0.00,0.00,16.4,16.4,,P-GPS,,,18,4,TRUE,,Mini 4 Pro,,,,,,FALSE,TRUE,,,,,,,,,,,,,,,,,,,,,,,,,,,,,,,,,,,,,,,,,,,,,,,,81.5,,,,8.063,,,,,,,4.612,,,,,,,,,,,,,,,,,,,,,,,,,,,,,,,,52.41880475,-2.56594710,581.4,,,,,,,,,,,,,,,,,,,,,,,,,,,,Mini 4 Pro,SYN3A9N8J6PYHE4C6,CAMQDW5LNMQ7SS8CM,RCSUY6FSVDZ5XQLBB,BATWDKLB4TQAB5JCT,,,,,,,,Mini 4 Pro,SYN3A9N8J6PYHE4C6,,,,DJI Fly,,1.13.5,C2FF9B46-305D-55E5-AB92-E0357A920CB9,,,,,,,,,,
1773874636,1m 16.0s,76.0,52.42033360,-2.56520981,108.3,108.3,30.0,288.3,581.4,0.000,9.171,0.000,,0.000,,-0.000,,0.00,0.00,16.4,16.4,,P-GPS,,,18,4,TRUE,,Mini 4 Pro,,,,,,FALSE,TRUE,,,,,,,,,,,,,,,,,,,,,,,,,,,,,,,,,,,,,,,,,,,,,,,,81.4,,,,8.062,,,,,,,4.612,,,,,,,,,,,,,,,,,,,,,,,,,,,,,,,,52.41880475,-2.56594710,581.4,,,,,,,,,,,,,,,,,,,,,,,,,,,,Mini 4 Pro,SYN3A9N8J6PYHE4C6,CAMQDW5LNMQ7SS8CM,RCSUY6FSVDZ5XQLBB,BATWDKLB4TQAB5JCT,,,,,,,,Mini 4 Pro,SYN3A9N8J6PYHE4C6,,,,DJI Fly,,1.13.5,C2FF9B46-305D-55E5-AB92-E0357A920CB9,,,,,,,,,,
1773874637,1m 17.0s,77.0,52.42033360,-2.56520981,108.3,108.3,30.0,288.3,581.4,0.000,9.171,0.000,,0.000,,-0.000,,0.00,0.00,16.4,16.4,,P-GPS,,,18,4,TRUE,,Mini 4 Pro,,,,,,FALSE,TRUE,,,,,,,,,,,,,,,,,,,,,,,,,,,,,,,,,,,,,,,,,,,,,,,,81.4,,,,8.061,,,,,,,4.612,,,,,,,,,,,,,,,,,,,,,,,,,,,,,,,,52.41880475,-2.56594710,581.4,,,,,,,,,,,,,,,,,,,,,,,,,,,,Mini 4 Pro,SYN3A9N8J6PYHE4C6,CAMQDW5LNMQ7SS8CM,RCSUY6FSVDZ5XQLBB,BATWDKLB4TQAB5JCT,,,,,,,,Mini 4 Pro,SYN3A9N8J6PYHE4C6,,,,DJI Fly,,1.13.5,C2FF9B46-305D-55E5-AB92-E0357A920CB9,,,,,,,,,,
1773874638,1m 18.0s,78.0,52.42033360,-2.56520981,108.3,108.3,30.0,288.3,581.4,0.000,9.171,0.000,,0.000,,-0.000,,0.00,0.00,16.4,16.4,,P-GPS,,,18,4,TRUE,,Mini 4 Pro,,,,,,FALSE,TRUE,,,,,,,,,,,,,,,,,,,,,,,,,,,,,,,,,,,,,,,,,,,,,,,,81.3,,,,8.061,,,,,,,4.612,,,,,,,,,,,,,,,,,,,,,,,,,,,,,,,,52.41880475,-2.56594710,581.4,,,,,,,,,,,,,,,,,,,,,,,,,,,,Mini 4 Pro,SYN3A9N8J6PYHE4C6,CAMQDW5LNMQ7SS8CM,RCSUY6FSVDZ5XQLBB,BATWDKLB4TQAB5JCT,,,,,,,,Mini 4 Pro,SYN3A9N8J6PYHE4C6,,,,DJI Fly,,1.13.5,C2FF9B46-305D-55E5-AB92-E0357A920CB9,,,,,,,,,,
1773874639,1m 19.0s,79.0,52.42033360,-2.56520981,108.3,108.3,30.0,288.3,581.4,0.000,9.171,0.000,,0.000,,-0.000,,0.00,0.00,16.4,16.4,,P-GPS,,,18,4,TRUE,,Mini 4 Pro,,,,,,FALSE,TRUE,,,,,,,,,,,,,,,,,,,,,,,,,,,,,,,,,,,,,,,,,,,,,,,,81.3,,,,8.060,,,,,,,4.612,,,,,,,,,,,,,,,,,,,,,,,,,,,,,,,,52.41880475,-2.56594710,581.4,,,,,,,,,,,,,,,,,,,,,,,,,,,,Mini 4 Pro,SYN3A9N8J6PYHE4C6,CAMQDW5LNMQ7SS8CM,RCSUY6FSVDZ5XQLBB,BATWDKLB4TQAB5JCT,,,,,,,,Mini 4 Pro,SYN3A9N8J6PYHE4C6,,,,DJI Fly,,1.13.5,C2FF9B46-305D-55E5-AB92-E0357A920CB9,,,,,,,,,,
1773874640,1m 20.0s,80.0,52.42033360,-2.56520981,108.3,108.3,30.0,288.3,581.4,0.000,9.171,0.000,,0.000,,-0.000,,0.00,0.00,16.4,16.4,,P-GPS,,,18,4,TRUE,,Mini 4 Pro,,,,,,FALSE,TRUE,,,,,,,,,,,,,,,,,,,,,,,,,,,,,,,,,,,,,,,,,,,,,,,,81.2,,,,8.059,,,,,,,4.612,,,,,,,,,,,,,,,,,,,,,,,,,,,,,,,,52.41880475,-2.56594710,581.4,,,,,,,,,,,,,,,,,,,,,,,,,,,,Mini 4 Pro,SYN3A9N8J6PYHE4C6,CAMQDW5LNMQ7SS8CM,RCSUY6FSVDZ5XQLBB,BATWDKLB4TQAB5JCT,,,,,,,,Mini 4 Pro,SYN3A9N8J6PYHE4C6,,,,DJI Fly,,1.13.5,C2FF9B46-305D-55E5-AB92-E0357A920CB9,,,,,,,,,,
1773874641,1m 21.0s,81.0,52.42033360,-2.56520981,108.3,108.3,30.0,288.3,581.4,0.000,9.171,0.000,,0.000,,-0.000,,0.00,0.00,16.4,16.4,,P-GPS,,,18,4,TRUE,,Mini 4 Pro,,,,,,FALSE,TRUE,,,,,,,,,,,,,,,,,,,,,,,,,,,,,,,,,,,,,,,,,,,,,,,,81.2,,,,8.058,,,,,,,4.612,,,,,,,,,,,,,,,,,,,,,,,,,,,,,,,,52.41880475,-2.56594710,581.4,,,,,,,,,,,,,,,,,,,,,,,,,,,,Mini 4 Pro,SYN3A9N8J6PYHE4C6,CAMQDW5LNMQ7SS8CM,RCSUY6FSVDZ5XQLBB,BATWDKLB4TQAB5JCT,,,,,,,,Mini 4 Pro,SYN3A9N8J6PYHE4C6,,,,DJI Fly,,1.13.5,C2FF9B46-305D-55E5-AB92-E0357A920CB9,,,,,,,,,,
1773874642,1m 22.0s,82.0,52.42033360,-2.56520981,108.3,108.3,30.0,288.3,581.4,0.000,9.171,0.000,,0.000,,-0.000,,0.00,0.00,16.4,16.4,,P-GPS,,,18,4,TRUE,,Mini 4 Pro,,,,,,FALSE,TRUE,,,,,,,,,,,,,,,,,,,,,,,,,,,,,,,,,,,,,,,,,,,,,,,,81.1,,,,8.058,,,,,,,4.612,,,,,,,,,,,,,,,,,,,,,,,,,,,,,,,,52.41880475,-2.56594710,581.4,,,,,,,,,,,,,,,,,,,,,,,,,,,,Mini 4 Pro,SYN3A9N8J6PYHE4C6,CAMQDW5LNMQ7SS8CM,RCSUY6FSVDZ5XQLBB,BATWDKLB4TQAB5JCT,,,,,,,,Mini 4 Pro,SYN3A9N8J6PYHE4C6,,,,DJI Fly,,1.13.5,C2FF9B46-305D-55E5-AB92-E0357A920CB9,,,,,,,,,,
1773874643,1m 23.0s,83.0,52.42033360,-2.56520981,108.3,108.3,30.0,288.3,581.4,0.000,9.171,0.000,,0.000,,-0.000,,0.00,0.00,16.4,16.4,,P-GPS,,,18,4,TRUE,,Mini 4 Pro,,,,,,FALSE,TRUE,,,,,,,,,,,,,,,,,,,,,,,,,,,,,,,,,,,,,,,,,,,,,,,,81.1,,,,8.057,,,,,,,4.612,,,,,,,,,,,,,,,,,,,,,,,,,,,,,,,,52.41880475,-2.56594710,581.4,,,,,,,,,,,,,,,,,,,,,,,,,,,,Mini 4 Pro,SYN3A9N8J6PYHE4C6,CAMQDW5LNMQ7SS8CM,RCSUY6FSVDZ5XQLBB,BATWDKLB4TQAB5JCT,,,,,,,,Mini 4 Pro,SYN3A9N8J6PYHE4C6,,,,DJI Fly,,1.13.5,C2FF9B46-305D-55E5-AB92-E0357A920CB9,,,,,,,,,,
1773874644,1m 24.0s,84.0,52.42033360,-2.56520981,108.3,108.3,30.0,288.3,581.4,0.000,9.171,0.000,,0.000,,-0.000,,0.00,0.00,16.4,16.4,,P-GPS,,,8,2,FALSE,,Mini 4 Pro,,,,,,FALSE,TRUE,,,,,,,,,,,,,,,,,,,,,,,,,,,,,,,,,,,,,,,,,,,,,,,,81.0,,,,8.056,,,,,,,4.612,,,,,,,,,,,,,,,,,,,,,,,,,,,,,,,,52.41880475,-2.56594710,581.4,,,,,,,,,,,,,,,,,,,,,,,,,,,,Mini 4 Pro,SYN3A9N8J6PYHE4C6,CAMQDW5LNMQ7SS8CM,RCSUY6FSVDZ5XQLBB,BATWDKLB4TQAB5JCT,,,,,,,,Mini 4 Pro,SYN3A9N8J6PYHE4C6,,,,DJI Fly,,1.13.5,C2FF9B46-305D-55E5-AB92-E0357A920CB9,,,,,,,,,,GPS signal weak. Hovering unstable. Fly with caution (Code: 30008).
1773874645,1m 25.0s,85.0,52.42033360,-2.56520981,108.3,108.3,30.0,288.3,581.4,0.000,9.171,0.000,,0.000,,-0.000,,0.00,0.00,16.4,16.4,,P-GPS,,,8,2,FALSE,,Mini 4 Pro,,,,,,FALSE,TRUE,,,,,,,,,,,,,,,,,,,,,,,,,,,,,,,,,,,,,,,,,,,,,,,,81.0,,,,8.056,,,,,,,4.612,,,,,,,,,,,,,,,,,,,,,,,,,,,,,,,,52.41880475,-2.56594710,581.4,,,,,,,,,,,,,,,,,,,,,,,,,,,,Mini 4 Pro,SYN3A9N8J6PYHE4C6,CAMQDW5LNMQ7SS8CM,RCSUY6FSVDZ5XQLBB,BATWDKLB4TQAB5JCT,,,,,,,,Mini 4 Pro,SYN3A9N8J6PYHE4C6,,,,DJI Fly,,1.13.5,C2FF9B46-305D-55E5-AB92-E0357A920CB9,,,,,,,,,,GPS signal weak. Hovering unstable. Fly with caution (Code: 30008).
1773874646,1m 26.0s,86.0,52.42033360,-2.56520981,108.3,108.3,30.0,288.3,581.4,0.000,9.171,0.000,,0.000,,-0.000,,0.00,0.00,16.4,16.4,,P-GPS,,,8,2,FALSE,,Mini 4 Pro,,,,,,FALSE,TRUE,,,,,,,,,,,,,,,,,,,,,,,,,,,,,,,,,,,,,,,,,,,,,,,,81.0,,,,8.055,,,,,,,4.612,,,,,,,,,,,,,,,,,,,,,,,,,,,,,,,,52.41880475,-2.56594710,581.4,,,,,,,,,,,,,,,,,,,,,,,,,,,,Mini 4 Pro,SYN3A9N8J6PYHE4C6,CAMQDW5LNMQ7SS8CM,RCSUY6FSVDZ5XQLBB,BATWDKLB4TQAB5JCT,,,,,,,,Mini 4 Pro,SYN3A9N8J6PYHE4C6,,,,DJI Fly,,1.13.5,C2FF9B46-305D-55E5-AB92-E0357A920CB9,,,,,,,,,,GPS signal weak. Hovering unstable. Fly with caution (Code: 30008).
1773874647,1m 27.0s,87.0,52.42033360,-2.56520981,108.3,108.3,30.0,288.3,581.4,0.000,9.171,0.000,,0.000,,-0.000,,0.00,0.00,16.4,16.4,,P-GPS,,,8,2,FALSE,,Mini 4 Pro,,,,,,FALSE,TRUE,,,,,,,,,,,,,,,,,,,,,,,,,,,,,,,,,,,,,,,,,,,,,,,,80.9,,,,8.054,,,,,,,4.612,,,,,,,,,,,,,,,,,,,,,,,,,,,,,,,,52.41880475,-2.56594710,581.4,,,,,,,,,,,,,,,,,,,,,,,,,,,,Mini 4 Pro,SYN3A9N8J6PYHE4C6,CAMQDW5LNMQ7SS8CM,RCSUY6FSVDZ5XQLBB,BATWDKLB4TQAB5JCT,,,,,,,,Mini 4 Pro,SYN3A9N8J6PYHE4C6,,,,DJI Fly,,1.13.5,C2FF9B46-305D-55E5-AB92-E0357A920CB9,,,,,,,,,,GPS signal weak. Hovering unstable. Fly with caution (Code: 30008).
1773874648,1m 28.0s,88.0,52.42033360,-2.56520981,108.3,108.3,30.0,288.3,581.4,0.000,9.171,0.000,,0.000,,-0.000,,0.00,0.00,16.4,16.4,,P-GPS,,,8,2,FALSE,,Mini 4 Pro,,,,,,FALSE,TRUE,,,,,,,,,,,,,,,,,,,,,,,,,,,,,,,,,,,,,,,,,,,,,,,,80.9,,,,8.053,,,,,,,4.612,,,,,,,,,,,,,,,,,,,,,,,,,,,,,,,,52.41880475,-2.56594710,581.4,,,,,,,,,,,,,,,,,,,,,,,,,,,,Mini 4 Pro,SYN3A9N8J6PYHE4C6,CAMQDW5LNMQ7SS8CM,RCSUY6FSVDZ5XQLBB,BATWDKLB4TQAB5JCT,,,,,,,,Mini 4 Pro,SYN3A9N8J6PYHE4C6,,,,DJI Fly,,1.13.5,C2FF9B46-305D-55E5-AB92-E0357A920CB9,,,,,,,,,,GPS signal weak. Hovering unstable. Fly with caution (Code: 30008).
1773874649,1m 29.0s,89.0,52.42033360,-2.56520981,108.3,108.3,30.0,288.3,581.4,0.000,9.171,0.000,,0.000,,-0.000,,0.00,0.00,16.4,16.4,,P-GPS,,,8,2,FALSE,,Mini 4 Pro,,,,,,FALSE,TRUE,,,,,,,,,,,,,,,,,,,,,,,,,,,,,,,,,,,,,,,,,,,,,,,,80.8,,,,8.053,,,,,,,4.612,,,,,,,,,,,,,,,,,,,,,,,,,,,,,,,,52.41880475,-2.56594710,581.4,,,,,,,,,,,,,,,,,,,,,,,,,,,,Mini 4 Pro,SYN3A9N8J6PYHE4C6,CAMQDW5LNMQ7SS8CM,RCSUY6FSVDZ5XQLBB,BATWDKLB4TQAB5JCT,,,,,,,,Mini 4 Pro,SYN3A9N8J6PYHE4C6,,,,DJI Fly,,1.13.5,C2FF9B46-305D-55E5-AB92-E0357A920CB9,,,,,,,,,,GPS signal weak. Hovering unstable. Fly with caution (Code: 30008).
1773874650,1m 30.0s,90.0,52.42033360,-2.56520981,108.3,108.3,30.0,288.3,581.4,0.000,9.171,0.000,,0.000,,-0.000,,0.00,0.00,16.4,16.4,,P-GPS,,,8,2,FALSE,,Mini 4 Pro,,,,,,FALSE,TRUE,,,,,,,,,,,,,,,,,,,,,,,,,,,,,,,,,,,,,,,,,,,,,,,,80.8,,,,8.052,,,,,,,4.612,,,,,,,,,,,,,,,,,,,,,,,,,,,,,,,,52.41880475,-2.56594710,581.4,,,,,,,,,,,,,,,,,,,,,,,,,,,,Mini 4 Pro,SYN3A9N8J6PYHE4C6,CAMQDW5LNMQ7SS8CM,RCSUY6FSVDZ5XQLBB,BATWDKLB4TQAB5JCT,,,,,,,,Mini 4 Pro,SYN3A9N8J6PYHE4C6,,,,DJI Fly,,1.13.5,C2FF9B46-305D-55E5-AB92-E0357A920CB9,,,,,,,,,,GPS signal weak. Hovering unstable. Fly with caution (Code: 30008).
1773874651,1m 31.0s,91.0,52.42033360,-2.56520981,108.3,108.3,30.0,288.3,581.4,0.000,9.171,0.000,,0.000,,-0.000,,0.00,0.00,16.4,16.4,,P-GPS,,,8,2,FALSE,,Mini 4 Pro,,,,,,FALSE,TRUE,,,,,,,,,,,,,,,,,,,,,,,,,,,,,,,,,,,,,,,,,,,,,,,,80.7,,,,8.051,,,,,,,4.612,,,,,,,,,,,,,,,,,,,,,,,,,,,,,,,,52.41880475,-2.56594710,581.4,,,,,,,,,,,,,,,,,,,,,,,,,,,,Mini 4 Pro,SYN3A9N8J6PYHE4C6,CAMQDW5LNMQ7SS8CM,RCSUY6FSVDZ5XQLBB,BATWDKLB4TQAB5JCT,,,,,,,,Mini 4 Pro,SYN3A9N8J6PYHE4C6,,,,DJI Fly,,1.13.5,C2FF9B46-305D-55E5-AB92-E0357A920CB9,,,,,,,,,,GPS signal weak. Hovering unstable. Fly with caution (Code: 30008).
1773874652,1m 32.0s,92.0,52.42033360,-2.56520981,108.3,108.3,30.0,288.3,581.4,0.000,9.171,0.000,,0.000,,-0.000,,0.00,0.00,16.4,16.4,,P-GPS,,,8,2,FALSE,,Mini 4 Pro,,,,,,FALSE,TRUE,,,,,,,,,,,,,,,,,,,,,,,,,,,,,,,,,,,,,,,,,,,,,,,,80.7,,,,8.050,,,,,,,4.612,,,,,,,,,,,,,,,,,,,,,,,,,,,,,,,,52.41880475,-2.56594710,581.4,,,,,,,,,,,,,,,,,,,,,,,,,,,,Mini 4 Pro,SYN3A9N8J6PYHE4C6,CAMQDW5LNMQ7SS8CM,RCSUY6FSVDZ5XQLBB,BATWDKLB4TQAB5JCT,,,,,,,,Mini 4 Pro,SYN3A9N8J6PYHE4C6,,,,DJI Fly,,1.13.5,C2FF9B46-305D-55E5-AB92-E0357A920CB9,,,,,,,,,,GPS signal weak. Hovering unstable. Fly with caution (Code: 30008).
1773874653,1m 33.0s,93.0,52.42033360,-2.56520981,108.3,108.3,30.0,288.3,581.4,0.000,9.171,0.000,,0.000,,-0.000,,0.00,0.00,16.4,16.4,,P-GPS,,,8,2,FALSE,,Mini 4 Pro,,,,,,FALSE,TRUE,,,,,,,,,,,,,,,,,,,,,,,,,,,,,,,,,,,,,,,,,,,,,,,,80.6,,,,8.050,,,,,,,4.612,,,,,,,,,,,,,,,,,,,,,,,,,,,,,,,,52.41880475,-2.56594710,581.4,,,,,,,,,,,,,,,,,,,,,,,,,,,,Mini 4 Pro,SYN3A9N8J6PYHE4C6,CAMQDW5LNMQ7SS8CM,RCSUY6FSVDZ5XQLBB,BATWDKLB4TQAB5JCT,,,,,,,,Mini 4 Pro,SYN3A9N8J6PYHE4C6,,,,DJI Fly,,1.13.5,C2FF9B46-305D-55E5-AB92-E0357A920CB9,,,,,,,,,,GPS signal weak. Hovering unstable. Fly with caution (Code: 30008).
1773874654,1m 34.0s,94.0,52.42033360,-2.56520981,108.3,108.3,30.0,288.3,581.4,0.000,9.171,0.000,,0.000,,-0.000,,0.00,0.00,16.4,16.4,,P-GPS,,,8,2,FALSE,,Mini 4 Pro,,,,,,FALSE,TRUE,,,,,,,,,,,,,,,,,,,,,,,,,,,,,,,,,,,,,,,,,,,,,,,,80.6,,,,8.049,,,,,,,4.612,,,,,,,,,,,,,,,,,,,,,,,,,,,,,,,,52.41880475,-2.56594710,581.4,,,,,,,,,,,,,,,,,,,,,,,,,,,,Mini 4 Pro,SYN3A9N8J6PYHE4C6,CAMQDW5LNMQ7SS8CM,RCSUY6FSVDZ5XQLBB,BATWDKLB4TQAB5JCT,,,,,,,,Mini 4 Pro,SYN3A9N8J6PYHE4C6,,,,DJI Fly,,1.13.5,C2FF9B46-305D-55E5-AB92-E0357A920CB9,,,,,,,,,,GPS signal weak. Hovering unstable. Fly with caution (Code: 30008).
1773874655,1m 35.0s,95.0,52.42033360,-2.56520981,108.3,108.3,30.0,288.3,581.4,0.000,9.171,0.000,,0.000,,-0.000,,0.00,0.00,16.4,16.4,,P-GPS,,,8,2,FALSE,,Mini 4 Pro,,,,,,FALSE,TRUE,,,,,,,,,,,,,,,,,,,,,,,,,,,,,,,,,,,,,,,,,,,,,,,,80.5,,,,8.048,,,,,,,4.612,,,,,,,,,,,,,,,,,,,,,,,,,,,,,,,,52.41880475,-2.56594710,581.4,,,,,,,,,,,,,,,,,,,,,,,,,,,,Mini 4 Pro,SYN3A9N8J6PYHE4C6,CAMQDW5LNMQ7SS8CM,RCSUY6FSVDZ5XQLBB,BATWDKLB4TQAB5JCT,,,,,,,,Mini 4 Pro,SYN3A9N8J6PYHE4C6,,,,DJI Fly,,1.13.5,C2FF9B46-305D-55E5-AB92-E0357A920CB9,,,,,,,,,,GPS signal weak. Hovering unstable. Fly with caution (Code: 30008).
1773874656,1m 36.0s,96.0,52.42033360,-2.56520981,108.3,108.3,30.0,288.3,581.4,0.000,9.171,0.000,,0.000,,-0.000,,0.00,0.00,16.4,16.4,,P-GPS,,,8,2,FALSE,,Mini 4 Pro,,,,,,FALSE,TRUE,,,,,,,,,,,,,,,,,,,,,,,,,,,,,,,,,,,,,,,,,,,,,,,,80.5,,,,8.047,,,,,,,4.612,,,,,,,,,,,,,,,,,,,,,,,,,,,,,,,,52.41880475,-2.56594710,581.4,,,,,,,,,,,,,,,,,,,,,,,,,,,,Mini 4 Pro,SYN3A9N8J6PYHE4C6,CAMQDW5LNMQ7SS8CM,RCSUY6FSVDZ5XQLBB,BATWDKLB4TQAB5JCT,,,,,,,,Mini 4 Pro,SYN3A9N8J6PYHE4C6,,,,DJI Fly,,1.13.5,C2FF9B46-305D-55E5-AB92-E0357A920CB9,,,,,,,,,,GPS signal weak. Hovering unstable. Fly with caution (Code: 30008).
1773874657,1m 37.0s,97.0,52.42033360,-2.56520981,108.3,108.3,30.0,288.3,581.4,0.000,9.171,0.000,,0.000,,-0.000,,0.00,0.00,16.4,16.4,,P-GPS,,,8,2,FALSE,,Mini 4 Pro,,,,,,FALSE,TRUE,,,,,,,,,,,,,,,,,,,,,,,,,,,,,,,,,,,,,,,,,,,,,,,,80.4,,,,8.047,,,,,,,4.612,,,,,,,,,,,,,,,,,,,,,,,,,,,,,,,,52.41880475,-2.56594710,581.4,,,,,,,,,,,,,,,,,,,,,,,,,,,,Mini 4 Pro,SYN3A9N8J6PYHE4C6,CAMQDW5LNMQ7SS8CM,RCSUY6FSVDZ5XQLBB,BATWDKLB4TQAB5JCT,,,,,,,,Mini 4 Pro,SYN3A9N8J6PYHE4C6,,,,DJI Fly,,1.13.5,C2FF9B46-305D-55E5-AB92-E0357A920CB9,,,,,,,,,,GPS signal weak. Hovering unstable. Fly with caution (Code: 30008).
1773874658,1m 38.0s,98.0,52.42033360,-2.56520981,108.3,108.3,30.0,288.3,581.4,0.000,9.171,0.000,,0.000,,-0.000,,0.00,0.00,16.4,16.4,,P-GPS,,,8,2,FALSE,,Mini 4 Pro,,,,,,FALSE,TRUE,,,,,,,,,,,,,,,,,,,,,,,,,,,,,,,,,,,,,,,,,,,,,,,,80.4,,,,8.046,,,,,,,4.612,,,,,,,,,,,,,,,,,,,,,,,,,,,,,,,,52.41880475,-2.56594710,581.4,,,,,,,,,,,,,,,,,,,,,,,,,,,,Mini 4 Pro,SYN3A9N8J6PYHE4C6,CAMQDW5LNMQ7SS8CM,RCSUY6FSVDZ5XQLBB,BATWDKLB4TQAB5JCT,,,,,,,,Mini 4 Pro,SYN3A9N8J6PYHE4C6,,,,DJI Fly,,1.13.5,C2FF9B46-305D-55E5-AB92-E0357A920CB9,,,,,,,,,,GPS signal weak. Hovering unstable. Fly with caution (Code: 30008).
1773874659,1m 39.0s,99.0,52.42033360,-2.56520981,108.3,108.3,30.0,288.3,581.4,0.000,9.171,0.000,,0.000,,-0.000,,0.00,0.00,16.4,16.4,,P-GPS,,,8,2,FALSE,,Mini 4 Pro,,,,,,FALSE,TRUE,,,,,,,,,,,,,,,,,,,,,,,,,,,,,,,,,,,,,,,,,,,,,,,,80.3,,,,8.045,,,,,,,4.612,,,,,,,,,,,,,,,,,,,,,,,,,,,,,,,,52.41880475,-2.56594710,581.4,,,,,,,,,,,,,,,,,,,,,,,,,,,,Mini 4 Pro,SYN3A9N8J6PYHE4C6,CAMQDW5LNMQ7SS8CM,RCSUY6FSVDZ5XQLBB,BATWDKLB4TQAB5JCT,,,,,,,,Mini 4 Pro,SYN3A9N8J6PYHE4C6,,,,DJI Fly,,1.13.5,C2FF9B46-305D-55E5-AB92-E0357A920CB9,,,,,,,,,,GPS signal weak. Hovering unstable. Fly with caution (Code: 30008).
1773874660,1m 40.0s,100.0,52.42033360,-2.56520981,108.3,108.3,30.0,288.3,581.4,0.000,9.171,0.000,,0.000,,-0.000,,0.00,0.00,16.4,16.4,,P-GPS,,,8,2,FALSE,,Mini 4 Pro,,,,,,FALSE,TRUE,,,,,,,,,,,,,,,,,,,,,,,,,,,,,,,,,,,,,,,,,,,,,,,,80.3,,,,8.045,,,,,,,4.612,,,,,,,,,,,,,,,,,,,,,,,,,,,,,,,,52.41880475,-2.56594710,581.4,,,,,,,,,,,,,,,,,,,,,,,,,,,,Mini 4 Pro,SYN3A9N8J6PYHE4C6,CAMQDW5LNMQ7SS8CM,RCSUY6FSVDZ5XQLBB,BATWDKLB4TQAB5JCT,,,,,,,,Mini 4 Pro,SYN3A9N8J6PYHE4C6,,,,DJI Fly,,1.13.5,C2FF9B46-305D-55E5-AB92-E0357A920CB9,,,,,,,,,,GPS signal weak. Hovering unstable. Fly with caution (Code: 30008).
1773874661,1m 41.0s,101.0,52.42033360,-2.56520981,108.3,108.3,30.0,288.3,581.4,0.000,9.171,0.000,,0.000,,-0.000,,0.00,0.00,16.4,16.4,,P-GPS,,,8,2,FALSE,,Mini 4 Pro,,,,,,FALSE,TRUE,,,,,,,,,,,,,,,,,,,,,,,,,,,,,,,,,,,,,,,,,,,,,,,,80.2,,,,8.044,,,,,,,4.612,,,,,,,,,,,,,,,,,,,,,,,,,,,,,,,,52.41880475,-2.56594710,581.4,,,,,,,,,,,,,,,,,,,,,,,,,,,,Mini 4 Pro,SYN3A9N8J6PYHE4C6,CAMQDW5LNMQ7SS8CM,RCSUY6FSVDZ5XQLBB,BATWDKLB4TQAB5JCT,,,,,,,,Mini 4 Pro,SYN3A9N8J6PYHE4C6,,,,DJI Fly,,1.13.5,C2FF9B46-305D-55E5-AB92-E0357A920CB9,,,,,,,,,,GPS signal weak. Hovering unstable. Fly with caution (Code: 30008).
1773874662,1m 42.0s,102.0,52.42033360,-2.56520981,108.3,108.3,30.0,288.3,581.4,0.000,9.171,0.000,,0.000,,-0.000,,0.00,0.00,16.4,16.4,,P-GPS,,,8,2,FALSE,,Mini 4 Pro,,,,,,FALSE,TRUE,,,,,,,,,,,,,,,,,,,,,,,,,,,,,,,,,,,,,,,,,,,,,,,,80.2,,,,8.043,,,,,,,4.612,,,,,,,,,,,,,,,,,,,,,,,,,,,,,,,,52.41880475,-2.56594710,581.4,,,,,,,,,,,,,,,,,,,,,,,,,,,,Mini 4 Pro,SYN3A9N8J6PYHE4C6,CAMQDW5LNMQ7SS8CM,RCSUY6FSVDZ5XQLBB,BATWDKLB4TQAB5JCT,,,,,,,,Mini 4 Pro,SYN3A9N8J6PYHE4C6,,,,DJI Fly,,1.13.5,C2FF9B46-305D-55E5-AB92-E0357A920CB9,,,,,,,,,,GPS signal weak. Hovering unstable. Fly with caution (Code: 30008).
1773874663,1m 43.0s,103.0,52.42033360,-2.56520981,108.3,108.3,30.0,288.3,581.4,0.000,9.171,0.000,,0.000,,-0.000,,0.00,0.00,16.4,16.4,,P-GPS,,,8,2,FALSE,,Mini 4 Pro,,,,,,FALSE,TRUE,,,,,,,,,,,,,,,,,,,,,,,,,,,,,,,,,,,,,,,,,,,,,,,,80.2,,,,8.042,,,,,,,4.612,,,,,,,,,,,,,,,,,,,,,,,,,,,,,,,,52.41880475,-2.56594710,581.4,,,,,,,,,,,,,,,,,,,,,,,,,,,,Mini 4 Pro,SYN3A9N8J6PYHE4C6,CAMQDW5LNMQ7SS8CM,RCSUY6FSVDZ5XQLBB,BATWDKLB4TQAB5JCT,,,,,,,,Mini 4 Pro,SYN3A9N8J6PYHE4C6,,,,DJI Fly,,1.13.5,C2FF9B46-305D-55E5-AB92-E0357A920CB9,,,,,,,,,,GPS signal weak. Hovering unstable. Fly with caution (Code: 30008).
1773874664,1m 44.0s,104.0,52.42033360,-2.56520981,108.3,108.3,30.0,288.3,581.4,0.000,9.171,0.000,,0.000,,-0.000,,0.00,0.00,16.4,16.4,,P-GPS,,,8,2,FALSE,,Mini 4 Pro,,,,,,FALSE,TRUE,,,,,,,,,,,,,,,,,,,,,,,,,,,,,,,,,,,,,,,,,,,,,,,,80.1,,,,8.042,,,,,,,4.612,,,,,,,,,,,,,,,,,,,,,,,,,,,,,,,,52.41880475,-2.56594710,581.4,,,,,,,,,,,,,,,,,,,,,,,,,,,,Mini 4 Pro,SYN3A9N8J6PYHE4C6,CAMQDW5LNMQ7SS8CM,RCSUY6FSVDZ5XQLBB,BATWDKLB4TQAB5JCT,,,,,,,,Mini 4 Pro,SYN3A9N8J6PYHE4C6,,,,DJI Fly,,1.13.5,C2FF9B46-305D-55E5-AB92-E0357A920CB9,,,,,,,,,,GPS signal weak. Hovering unstable. Fly with caution (Code: 30008).
1773874665,1m 45.0s,105.0,52.42033360,-2.56520981,108.3,108.3,30.0,288.3,581.4,0.000,9.171,0.000,,0.000,,-0.000,,0.00,0.00,16.4,16.4,,P-GPS,,,8,2,FALSE,,Mini 4 Pro,,,,,,FALSE,TRUE,,,,,,,,,,,,,,,,,,,,,,,,,,,,,,,,,,,,,,,,,,,,,,,,80.1,,,,8.041,,,,,,,4.612,,,,,,,,,,,,,,,,,,,,,,,,,,,,,,,,52.41880475,-2.56594710,581.4,,,,,,,,,,,,,,,,,,,,,,,,,,,,Mini 4 Pro,SYN3A9N8J6PYHE4C6,CAMQDW5LNMQ7SS8CM,RCSUY6FSVDZ5XQLBB,BATWDKLB4TQAB5JCT,,,,,,,,Mini 4 Pro,SYN3A9N8J6PYHE4C6,,,,DJI Fly,,1.13.5,C2FF9B46-305D-55E5-AB92-E0357A920CB9,,,,,,,,,,GPS signal weak. Hovering unstable. Fly with caution (Code: 30008).
1773874666,1m 46.0s,106.0,52.42033360,-2.56520981,108.3,108.3,30.0,288.3,581.4,0.000,9.171,0.000,,0.000,,-0.000,,0.00,0.00,16.4,16.4,,P-GPS,,,8,2,FALSE,,Mini 4 Pro,,,,,,FALSE,TRUE,,,,,,,,,,,,,,,,,,,,,,,,,,,,,,,,,,,,,,,,,,,,,,,,80.0,,,,8.040,,,,,,,4.612,,,,,,,,,,,,,,,,,,,,,,,,,,,,,,,,52.41880475,-2.56594710,581.4,,,,,,,,,,,,,,,,,,,,,,,,,,,,Mini 4 Pro,SYN3A9N8J6PYHE4C6,CAMQDW5LNMQ7SS8CM,RCSUY6FSVDZ5XQLBB,BATWDKLB4TQAB5JCT,,,,,,,,Mini 4 Pro,SYN3A9N8J6PYHE4C6,,,,DJI Fly,,1.13.5,C2FF9B46-305D-55E5-AB92-E0357A920CB9,,,,,,,,,,GPS signal weak. Hovering unstable. Fly with caution (Code: 30008).
1773874667,1m 47.0s,107.0,52.42033360,-2.56520981,108.3,108.3,30.0,288.3,581.4,0.000,9.171,0.000,,0.000,,-0.000,,0.00,0.00,16.4,16.4,,P-GPS,,,8,2,FALSE,,Mini 4 Pro,,,,,,FALSE,TRUE,,,,,,,,,,,,,,,,,,,,,,,,,,,,,,,,,,,,,,,,,,,,,,,,80.0,,,,8.039,,,,,,,4.612,,,,,,,,,,,,,,,,,,,,,,,,,,,,,,,,52.41880475,-2.56594710,581.4,,,,,,,,,,,,,,,,,,,,,,,,,,,,Mini 4 Pro,SYN3A9N8J6PYHE4C6,CAMQDW5LNMQ7SS8CM,RCSUY6FSVDZ5XQLBB,BATWDKLB4TQAB5JCT,,,,,,,,Mini 4 Pro,SYN3A9N8J6PYHE4C6,,,,DJI Fly,,1.13.5,C2FF9B46-305D-55E5-AB92-E0357A920CB9,,,,,,,,,,GPS signal weak. Hovering unstable. Fly with caution (Code: 30008).
1773874668,1m 48.0s,108.0,52.42033360,-2.56520981,108.3,108.3,30.0,288.3,581.4,0.000,9.171,0.000,,0.000,,-0.000,,0.00,0.00,16.4,16.4,,P-GPS,,,8,2,FALSE,,Mini 4 Pro,,,,,,FALSE,TRUE,,,,,,,,,,,,,,,,,,,,,,,,,,,,,,,,,,,,,,,,,,,,,,,,79.9,,,,8.039,,,,,,,4.612,,,,,,,,,,,,,,,,,,,,,,,,,,,,,,,,52.41880475,-2.56594710,581.4,,,,,,,,,,,,,,,,,,,,,,,,,,,,Mini 4 Pro,SYN3A9N8J6PYHE4C6,CAMQDW5LNMQ7SS8CM,RCSUY6FSVDZ5XQLBB,BATWDKLB4TQAB5JCT,,,,,,,,Mini 4 Pro,SYN3A9N8J6PYHE4C6,,,,DJI Fly,,1.13.5,C2FF9B46-305D-55E5-AB92-E0357A920CB9,,,,,,,,,,GPS signal weak. Hovering unstable. Fly with caution (Code: 30008).
1773874669,1m 49.0s,109.0,52.42033360,-2.56520981,108.3,108.3,30.0,288.3,581.4,0.000,9.171,0.000,,0.000,,-0.000,,0.00,0.00,16.4,16.4,,P-GPS,,,8,2,FALSE,,Mini 4 Pro,,,,,,FALSE,TRUE,,,,,,,,,,,,,,,,,,,,,,,,,,,,,,,,,,,,,,,,,,,,,,,,79.9,,,,8.038,,,,,,,4.612,,,,,,,,,,,,,,,,,,,,,,,,,,,,,,,,52.41880475,-2.56594710,581.4,,,,,,,,,,,,,,,,,,,,,,,,,,,,Mini 4 Pro,SYN3A9N8J6PYHE4C6,CAMQDW5LNMQ7SS8CM,RCSUY6FSVDZ5XQLBB,BATWDKLB4TQAB5JCT,,,,,,,,Mini 4 Pro,SYN3A9N8J6PYHE4C6,,,,DJI Fly,,1.13.5,C2FF9B46-305D-55E5-AB92-E0357A920CB9,,,,,,,,,,GPS signal weak. Hovering unstable. Fly with caution (Code: 30008).
1773874670,1m 50.0s,110.0,52.42033360,-2.56520981,108.3,108.3,30.0,288.3,581.4,0.000,9.171,0.000,,0.000,,-0.000,,0.00,0.00,16.4,16.4,,P-GPS,,,8,2,FALSE,,Mini 4 Pro,,,,,,FALSE,TRUE,,,,,,,,,,,,,,,,,,,,,,,,,,,,,,,,,,,,,,,,,,,,,,,,79.8,,,,8.037,,,,,,,4.612,,,,,,,,,,,,,,,,,,,,,,,,,,,,,,,,52.41880475,-2.56594710,581.4,,,,,,,,,,,,,,,,,,,,,,,,,,,,Mini 4 Pro,SYN3A9N8J6PYHE4C6,CAMQDW5LNMQ7SS8CM,RCSUY6FSVDZ5XQLBB,BATWDKLB4TQAB5JCT,,,,,,,,Mini 4 Pro,SYN3A9N8J6PYHE4C6,,,,DJI Fly,,1.13.5,C2FF9B46-305D-55E5-AB92-E0357A920CB9,,,,,,,,,,GPS signal weak. Hovering unstable. Fly with caution (Code: 30008).
1773874671,1m 51.0s,111.0,52.42033360,-2.56520981,108.3,108.3,30.0,288.3,581.4,0.000,9.171,0.000,,0.000,,-0.000,,0.00,0.00,16.4,16.4,,P-GPS,,,8,2,FALSE,,Mini 4 Pro,,,,,,FALSE,TRUE,,,,,,,,,,,,,,,,,,,,,,,,,,,,,,,,,,,,,,,,,,,,,,,,79.8,,,,8.037,,,,,,,4.612,,,,,,,,,,,,,,,,,,,,,,,,,,,,,,,,52.41880475,-2.56594710,581.4,,,,,,,,,,,,,,,,,,,,,,,,,,,,Mini 4 Pro,SYN3A9N8J6PYHE4C6,CAMQDW5LNMQ7SS8CM,RCSUY6FSVDZ5XQLBB,BATWDKLB4TQAB5JCT,,,,,,,,Mini 4 Pro,SYN3A9N8J6PYHE4C6,,,,DJI Fly,,1.13.5,C2FF9B46-305D-55E5-AB92-E0357A920CB9,,,,,,,,,,GPS signal weak. Hovering unstable. Fly with caution (Code: 30008).
1773874672,1m 52.0s,112.0,52.42033360,-2.56520981,108.3,108.3,30.0,288.3,581.4,0.000,9.171,0.000,,0.000,,-0.000,,0.00,0.00,16.4,16.4,,P-GPS,,,8,2,FALSE,,Mini 4 Pro,,,,,,FALSE,TRUE,,,,,,,,,,,,,,,,,,,,,,,,,,,,,,,,,,,,,,,,,,,,,,,,79.7,,,,8.036,,,,,,,4.612,,,,,,,,,,,,,,,,,,,,,,,,,,,,,,,,52.41880475,-2.56594710,581.4,,,,,,,,,,,,,,,,,,,,,,,,,,,,Mini 4 Pro,SYN3A9N8J6PYHE4C6,CAMQDW5LNMQ7SS8CM,RCSUY6FSVDZ5XQLBB,BATWDKLB4TQAB5JCT,,,,,,,,Mini 4 Pro,SYN3A9N8J6PYHE4C6,,,,DJI Fly,,1.13.5,C2FF9B46-305D-55E5-AB92-E0357A920CB9,,,,,,,,,,GPS signal weak. Hovering unstable. Fly with caution (Code: 30008).
1773874673,1m 53.0s,113.0,52.42033360,-2.56520981,108.3,108.3,30.0,288.3,581.4,0.000,9.171,0.000,,0.000,,-0.000,,0.00,0.00,16.4,16.4,,P-GPS,,,8,2,FALSE,,Mini 4 Pro,,,,,,FALSE,TRUE,,,,,,,,,,,,,,,,,,,,,,,,,,,,,,,,,,,,,,,,,,,,,,,,79.7,,,,8.035,,,,,,,4.612,,,,,,,,,,,,,,,,,,,,,,,,,,,,,,,,52.41880475,-2.56594710,581.4,,,,,,,,,,,,,,,,,,,,,,,,,,,,Mini 4 Pro,SYN3A9N8J6PYHE4C6,CAMQDW5LNMQ7SS8CM,RCSUY6FSVDZ5XQLBB,BATWDKLB4TQAB5JCT,,,,,,,,Mini 4 Pro,SYN3A9N8J6PYHE4C6,,,,DJI Fly,,1.13.5,C2FF9B46-305D-55E5-AB92-E0357A920CB9,,,,,,,,,,GPS signal weak. Hovering unstable. Fly with caution (Code: 30008).
1773874674,1m 54.0s,114.0,52.42033360,-2.56520981,108.3,108.3,30.0,288.3,581.4,0.000,9.171,0.000,,0.000,,-0.000,,0.00,0.00,16.4,16.4,,P-GPS,,,18,4,TRUE,,Mini 4 Pro,,,,,,FALSE,TRUE,,,,,,,,,,,,,,,,,,,,,,,,,,,,,,,,,,,,,,,,,,,,,,,,79.6,,,,8.034,,,,,,,4.612,,,,,,,,,,,,,,,,,,,,,,,,,,,,,,,,52.41880475,-2.56594710,581.4,,,,,,,,,,,,,,,,,,,,,,,,,,,,Mini 4 Pro,SYN3A9N8J6PYHE4C6,CAMQDW5LNMQ7SS8CM,RCSUY6FSVDZ5XQLBB,BATWDKLB4TQAB5JCT,,,,,,,,Mini 4 Pro,SYN3A9N8J6PYHE4C6,,,,DJI Fly,,1.13.5,C2FF9B46-305D-55E5-AB92-E0357A920CB9,,,,,,,,,,
1773874675,1m 55.0s,115.0,52.42033360,-2.56520981,108.3,108.3,30.0,288.3,581.4,0.000,9.171,0.000,,0.000,,-0.000,,0.00,0.00,16.4,16.4,,P-GPS,,,18,4,TRUE,,Mini 4 Pro,,,,,,FALSE,TRUE,,,,,,,,,,,,,,,,,,,,,,,,,,,,,,,,,,,,,,,,,,,,,,,,79.6,,,,8.034,,,,,,,4.612,,,,,,,,,,,,,,,,,,,,,,,,,,,,,,,,52.41880475,-2.56594710,581.4,,,,,,,,,,,,,,,,,,,,,,,,,,,,Mini 4 Pro,SYN3A9N8J6PYHE4C6,CAMQDW5LNMQ7SS8CM,RCSUY6FSVDZ5XQLBB,BATWDKLB4TQAB5JCT,,,,,,,,Mini 4 Pro,SYN3A9N8J6PYHE4C6,,,,DJI Fly,,1.13.5,C2FF9B46-305D-55E5-AB92-E0357A920CB9,,,,,,,,,,
1773874676,1m 56.0s,116.0,52.42033360,-2.56520981,108.3,108.3,30.0,288.3,581.4,0.000,9.171,0.000,,0.000,,-0.000,,0.00,0.00,16.4,16.4,,P-GPS,,,18,4,TRUE,,Mini 4 Pro,,,,,,FALSE,TRUE,,,,,,,,,,,,,,,,,,,,,,,,,,,,,,,,,,,,,,,,,,,,,,,,79.5,,,,8.033,,,,,,,4.612,,,,,,,,,,,,,,,,,,,,,,,,,,,,,,,,52.41880475,-2.56594710,581.4,,,,,,,,,,,,,,,,,,,,,,,,,,,,Mini 4 Pro,SYN3A9N8J6PYHE4C6,CAMQDW5LNMQ7SS8CM,RCSUY6FSVDZ5XQLBB,BATWDKLB4TQAB5JCT,,,,,,,,Mini 4 Pro,SYN3A9N8J6PYHE4C6,,,,DJI Fly,,1.13.5,C2FF9B46-305D-55E5-AB92-E0357A920CB9,,,,,,,,,,
1773874677,1m 57.0s,117.0,52.42033360,-2.56520981,108.3,108.3,30.0,288.3,581.4,0.000,9.171,0.000,,0.000,,-0.000,,0.00,0.00,16.4,16.4,,P-GPS,,,18,4,TRUE,,Mini 4 Pro,,,,,,FALSE,TRUE,,,,,,,,,,,,,,,,,,,,,,,,,,,,,,,,,,,,,,,,,,,,,,,,79.5,,,,8.032,,,,,,,4.612,,,,,,,,,,,,,,,,,,,,,,,,,,,,,,,,52.41880475,-2.56594710,581.4,,,,,,,,,,,,,,,,,,,,,,,,,,,,Mini 4 Pro,SYN3A9N8J6PYHE4C6,CAMQDW5LNMQ7SS8CM,RCSUY6FSVDZ5XQLBB,BATWDKLB4TQAB5JCT,,,,,,,,Mini 4 Pro,SYN3A9N8J6PYHE4C6,,,,DJI Fly,,1.13.5,C2FF9B46-305D-55E5-AB92-E0357A920CB9,,,,,,,,,,
1773874678,1m 58.0s,118.0,52.42030430,-2.56518394,102.4,108.3,30.0,282.4,593.5,8.277,9.171,-7.287,,3.924,,4.026,,-5.91,25.00,151.7,151.7,,P-GPS,,,18,4,TRUE,,Mini 4 Pro,,,,,,FALSE,TRUE,,,,,,,,,,,,,,,,,,,,,,,,,,,,,,,,,,,,,,,,,,,,,,,,79.4,,,,8.031,,,,,,,6.647,,,,,,,,,,,,,,,,,,,,,,,,,,,,,,,,52.41880475,-2.56594710,572.8,,,,,,,,,,,,,,,,,,,,,,,,,,,,Mini 4 Pro,SYN3A9N8J6PYHE4C6,CAMQDW5LNMQ7SS8CM,RCSUY6FSVDZ5XQLBB,BATWDKLB4TQAB5JCT,,,,,,,,Mini 4 Pro,SYN3A9N8J6PYHE4C6,,,,DJI Fly,,1.13.5,C2FF9B46-305D-55E5-AB92-E0357A920CB9,,,,,,,,,,
1773874679,1m 59.0s,119.0,52.42027500,-2.56515808,98.4,108.3,30.0,278.4,605.6,8.277,9.171,-7.287,,3.924,,2.684,,-3.50,0.00,151.7,151.7,,P-GPS,,,18,4,TRUE,,Mini 4 Pro,,,,,,FALSE,TRUE,,,,,,,,,,,,,,,,,,,,,,,,,,,,,,,,,,,,,,,,,,,,,,,,79.4,,,,8.031,,,,,,,6.647,,,,,,,,,,,,,,,,,,,,,,,,,,,,,,,,52.41880475,-2.56594710,564.4,,,,,,,,,,,,,,,,,,,,,,,,,,,,Mini 4 Pro,SYN3A9N8J6PYHE4C6,CAMQDW5LNMQ7SS8CM,RCSUY6FSVDZ5XQLBB,BATWDKLB4TQAB5JCT,,,,,,,,Mini 4 Pro,SYN3A9N8J6PYHE4C6,,,,DJI Fly,,1.13.5,C2FF9B46-305D-55E5-AB92-E0357A920CB9,,,,,,,,,,
1773874680,2m 0.0s,120.0,52.42024570,-2.56513221,98.4,108.3,30.0,278.4,617.8,8.277,9.171,-7.287,,3.924,,-0.000,,1.30,0.00,151.7,151.7,,P-GPS,,,18,4,TRUE,,Mini 4 Pro,,,,,,FALSE,TRUE,,,,,,,,,,,,,,,,,,,,,,,,,,,,,,,,,,,,,,,,,,,,,,,,79.4,,,,8.030,,,,,,,6.647,,,,,,,,,,,,,,,,,,,,,,,,,,,,,,,,52.41880475,-2.56594710,556.1,,,,,,,,,,,,,,,,,,,,,,,,,,,,Mini 4 Pro,SYN3A9N8J6PYHE4C6,CAMQDW5LNMQ7SS8CM,RCSUY6FSVDZ5XQLBB,BATWDKLB4TQAB5JCT,,,,,,,,Mini 4 Pro,SYN3A9N8J6PYHE4C6,,,,DJI Fly,,1.13.5,C2FF9B46-305D-55E5-AB92-E0357A920CB9,,,,,,,,,,
1773874681,2m 1.0s,121.0,52.42021641,-2.56510634,98.4,108.3,30.0,278.4,629.9,8.277,9.171,-7.287,,3.924,,-0.000,,1.29,0.00,151.7,151.7,,P-GPS,,,18,4,TRUE,,Mini 4 Pro,,,,,,FALSE,TRUE,,,,,,,,,,,,,,,,,,,,,,,,,,,,,,,,,,,,,,,,,,,,,,,,79.3,,,,8.029,,,,,,,6.647,,,,,,,,,,,,,,,,,,,,,,,,,,,,,,,,52.41880475,-2.56594710,547.9,,,,,,,,,,,,,,,,,,,,,,,,,,,,Mini 4 Pro,SYN3A9N8J6PYHE4C6,CAMQDW5LNMQ7SS8CM,RCSUY6FSVDZ5XQLBB,BATWDKLB4TQAB5JCT,,,,,,,,Mini 4 Pro,SYN3A9N8J6PYHE4C6,,,,DJI Fly,,1.13.5,C2FF9B46-305D-55E5-AB92-E0357A920CB9,,,,,,,,,,
1773874682,2m 2.0s,122.0,52.42018711,-2.56508048,98.4,108.3,30.0,278.4,642.1,8.277,9.171,-7.287,,3.924,,-0.000,,1.29,0.00,151.7,151.7,,P-GPS,,,18,4,TRUE,,Mini 4 Pro,,,,,,FALSE,TRUE,,,,,,,,,,,,,,,,,,,,,,,,,,,,,,,,,,,,,,,,,,,,,,,,79.3,,,,8.029,,,,,,,6.647,,,,,,,,,,,,,,,,,,,,,,,,,,,,,,,,52.41880475,-2.56594710,539.9,,,,,,,,,,,,,,,,,,,,,,,,,,,,Mini 4 Pro,SYN3A9N8J6PYHE4C6,CAMQDW5LNMQ7SS8CM,RCSUY6FSVDZ5XQLBB,BATWDKLB4TQAB5JCT,,,,,,,,Mini 4 Pro,SYN3A9N8J6PYHE4C6,,,,DJI Fly,,1.13.5,C2FF9B46-305D-55E5-AB92-E0357A920CB9,,,,,,,,,,
1773874683,2m 3.0s,123.0,52.42015781,-2.56505461,98.4,108.3,30.0,278.4,654.2,8.277,9.171,-7.287,,3.924,,-0.000,,1.29,0.00,151.7,151.7,,P-GPS,,,18,4,TRUE,,Mini 4 Pro,,,,,,FALSE,TRUE,,,,,,,,,,,,,,,,,,,,,,,,,,,,,,,,,,,,,,,,,,,,,,,,79.2,,,,8.028,,,,,,,6.647,,,,,,,,,,,,,,,,,,,,,,,,,,,,,,,,52.41880475,-2.56594710,532.1,,,,,,,,,,,,,,,,,,,,,,,,,,,,Mini 4 Pro,SYN3A9N8J6PYHE4C6,CAMQDW5LNMQ7SS8CM,RCSUY6FSVDZ5XQLBB,BATWDKLB4TQAB5JCT,,,,,,,,Mini 4 Pro,SYN3A9N8J6PYHE4C6,,,,DJI Fly,,1.13.5,C2FF9B46-305D-55E5-AB92-E0357A920CB9,,,,,,,,,,
1773874684,2m 4.0s,124.0,52.42012851,-2.56502874,98.4,108.3,30.0,278.4,666.3,8.277,9.171,-7.287,,3.924,,-0.000,,1.29,0.00,151.7,151.7,,P-GPS,,,18,4,TRUE,,Mini 4 Pro,,,,,,FALSE,TRUE,,,,,,,,,,,,,,,,,,,,,,,,,,,,,,,,,,,,,,,,,,,,,,,,79.2,,,,8.027,,,,,,,6.647,,,,,,,,,,,,,,,,,,,,,,,,,,,,,,,,52.41880475,-2.56594710,524.4,,,,,,,,,,,,,,,,,,,,,,,,,,,,Mini 4 Pro,SYN3A9N8J6PYHE4C6,CAMQDW5LNMQ7SS8CM,RCSUY6FSVDZ5XQLBB,BATWDKLB4TQAB5JCT,,,,,,,,Mini 4 Pro,SYN3A9N8J6PYHE4C6,,,,DJI Fly,,1.13.5,C2FF9B46-305D-55E5-AB92-E0357A920CB9,,,,,,,,,,
1773874685,2m 5.0s,125.0,52.42009921,-2.56500288,98.4,108.3,30.0,278.4,678.5,8.277,9.171,-7.287,,3.924,,-0.000,,1.29,0.00,151.7,151.7,,P-GPS,,,18,4,TRUE,,Mini 4 Pro,,,,,,FALSE,TRUE,,,,,,,,,,,,,,,,,,,,,,,,,,,,,,,,,,,,,,,,,,,,,,,,79.1,,,,8.026,,,,,,,6.647,,,,,,,,,,,,,,,,,,,,,,,,,,,,,,,,52.41880475,-2.56594710,516.9,,,,,,,,,,,,,,,,,,,,,,,,,,,,Mini 4 Pro,SYN3A9N8J6PYHE4C6,CAMQDW5LNMQ7SS8CM,RCSUY6FSVDZ5XQLBB,BATWDKLB4TQAB5JCT,,,,,,,,Mini 4 Pro,SYN3A9N8J6PYHE4C6,,,,DJI Fly,,1.13.5,C2FF9B46-305D-55E5-AB92-E0357A920CB9,,,,,,,,,,
1773874686,2m 6.0s,126.0,52.42006992,-2.56497701,98.4,108.3,30.0,278.4,690.6,8.277,9.171,-7.287,,3.924,,-0.000,,1.29,0.00,151.7,151.7,,P-GPS,,,18,4,TRUE,,Mini 4 Pro,,,,,,FALSE,TRUE,,,,,,,,,,,,,,,,,,,,,,,,,,,,,,,,,,,,,,,,,,,,,,,,79.1,,,,8.026,,,,,,,6.647,,,,,,,,,,,,,,,,,,,,,,,,,,,,,,,,52.41880475,-2.56594710,509.5,,,,,,,,,,,,,,,,,,,,,,,,,,,,Mini 4 Pro,SYN3A9N8J6PYHE4C6,CAMQDW5LNMQ7SS8CM,RCSUY6FSVDZ5XQLBB,BATWDKLB4TQAB5JCT,,,,,,,,Mini 4 Pro,SYN3A9N8J6PYHE4C6,,,,DJI Fly,,1.13.5,C2FF9B46-305D-55E5-AB92-E0357A920CB9,,,,,,,,,,
1773874687,2m 7.0s,127.0,52.42004062,-2.56495114,98.4,108.3,30.0,278.4,702.8,8.277,9.171,-7.287,,3.924,,-0.000,,1.30,0.00,151.7,151.7,,P-GPS,,,18,4,TRUE,,Mini 4 Pro,,,,,,FALSE,TRUE,,,,,,,,,,,,,,,,,,,,,,,,,,,,,,,,,,,,,,,,,,,,,,,,79.0,,,,8.025,,,,,,,6.647,,,,,,,,,,,,,,,,,,,,,,,,,,,,,,,,52.41880475,-2.56594710,502.4,,,,,,,,,,,,,,,,,,,,,,,,,,,,Mini 4 Pro,SYN3A9N8J6PYHE4C6,CAMQDW5LNMQ7SS8CM,RCSUY6FSVDZ5XQLBB,BATWDKLB4TQAB5JCT,,,,,,,,Mini 4 Pro,SYN3A9N8J6PYHE4C6,,,,DJI Fly,,1.13.5,C2FF9B46-305D-55E5-AB92-E0357A920CB9,,,,,,,,,,
1773874688,2m 8.0s,128.0,52.42001132,-2.56492528,98.4,108.3,30.0,278.4,714.9,8.277,9.171,-7.287,,3.924,,-0.000,,1.29,0.00,151.7,151.7,,P-GPS,,,18,4,TRUE,,Mini 4 Pro,,,,,,FALSE,TRUE,,,,,,,,,,,,,,,,,,,,,,,,,,,,,,,,,,,,,,,,,,,,,,,,79.0,,,,8.024,,,,,,,6.647,,,,,,,,,,,,,,,,,,,,,,,,,,,,,,,,52.41880475,-2.56594710,495.4,,,,,,,,,,,,,,,,,,,,,,,,,,,,Mini 4 Pro,SYN3A9N8J6PYHE4C6,CAMQDW5LNMQ7SS8CM,RCSUY6FSVDZ5XQLBB,BATWDKLB4TQAB5JCT,,,,,,,,Mini 4 Pro,SYN3A9N8J6PYHE4C6,,,,DJI Fly,,1.13.5,C2FF9B46-305D-55E5-AB92-E0357A920CB9,,,,,,,,,,
1773874689,2m 9.0s,129.0,52.41998202,-2.56489941,98.4,108.3,30.0,278.4,727.0,8.277,9.171,-7.287,,3.924,,-0.000,,1.29,0.00,151.7,151.7,,P-GPS,,,18,4,TRUE,,Mini 4 Pro,,,,,,FALSE,TRUE,,,,,,,,,,,,,,,,,,,,,,,,,,,,,,,,,,,,,,,,,,,,,,,,78.9,,,,8.023,,,,,,,6.647,,,,,,,,,,,,,,,,,,,,,,,,,,,,,,,,52.41880475,-2.56594710,488.7,,,,,,,,,,,,,,,,,,,,,,,,,,,,Mini 4 Pro,SYN3A9N8J6PYHE4C6,CAMQDW5LNMQ7SS8CM,RCSUY6FSVDZ5XQLBB,BATWDKLB4TQAB5JCT,,,,,,,,Mini 4 Pro,SYN3A9N8J6PYHE4C6,,,,DJI Fly,,1.13.5,C2FF9B46-305D-55E5-AB92-E0357A920CB9,,,,,,,,,,
1773874690,2m 10.0s,130.0,52.41995273,-2.56487354,98.4,108.3,30.0,278.4,739.2,8.277,9.171,-7.287,,3.924,,-0.000,,1.29,0.00,151.7,151.7,,P-GPS,,,18,4,TRUE,,Mini 4 Pro,,,,,,FALSE,TRUE,,,,,,,,,,,,,,,,,,,,,,,,,,,,,,,,,,,,,,,,,,,,,,,,78.9,,,,8.023,,,,,,,6.647,,,,,,,,,,,,,,,,,,,,,,,,,,,,,,,,52.41880475,-2.56594710,482.1,,,,,,,,,,,,,,,,,,,,,,,,,,,,Mini 4 Pro,SYN3A9N8J6PYHE4C6,CAMQDW5LNMQ7SS8CM,RCSUY6FSVDZ5XQLBB,BATWDKLB4TQAB5JCT,,,,,,,,Mini 4 Pro,SYN3A9N8J6PYHE4C6,,,,DJI Fly,,1.13.5,C2FF9B46-305D-55E5-AB92-E0357A920CB9,,,,,,,,,,
1773874691,2m 11.0s,131.0,52.41992343,-2.56484768,98.4,108.3,30.0,278.4,751.3,8.277,9.171,-7.287,,3.924,,-0.000,,1.29,0.00,151.7,151.7,,P-GPS,,,18,4,TRUE,,Mini 4 Pro,,,,,,FALSE,TRUE,,,,,,,,,,,,,,,,,,,,,,,,,,,,,,,,,,,,,,,,,,,,,,,,78.8,,,,8.022,,,,,,,6.647,,,,,,,,,,,,,,,,,,,,,,,,,,,,,,,,52.41880475,-2.56594710,475.8,,,,,,,,,,,,,,,,,,,,,,,,,,,,Mini 4 Pro,SYN3A9N8J6PYHE4C6,CAMQDW5LNMQ7SS8CM,RCSUY6FSVDZ5XQLBB,BATWDKLB4TQAB5JCT,,,,,,,,Mini 4 Pro,SYN3A9N8J6PYHE4C6,,,,DJI Fly,,1.13.5,C2FF9B46-305D-55E5-AB92-E0357A920CB9,,,,,,,,,,
1773874692,2m 12.0s,132.0,52.41989413,-2.56482181,98.4,108.3,30.0,278.4,763.5,8.277,9.171,-7.287,,3.924,,-0.000,,1.29,0.00,151.7,151.7,,P-GPS,,,18,4,TRUE,,Mini 4 Pro,,,,,,FALSE,TRUE,,,,,,,,,,,,,,,,,,,,,,,,,,,,,,,,,,,,,,,,,,,,,,,,78.8,,,,8.021,,,,,,,6.647,,,,,,,,,,,,,,,,,,,,,,,,,,,,,,,,52.41880475,-2.56594710,469.7,,,,,,,,,,,,,,,,,,,,,,,,,,,,Mini 4 Pro,SYN3A9N8J6PYHE4C6,CAMQDW5LNMQ7SS8CM,RCSUY6FSVDZ5XQLBB,BATWDKLB4TQAB5JCT,,,,,,,,Mini 4 Pro,SYN3A9N8J6PYHE4C6,,,,DJI Fly,,1.13.5,C2FF9B46-305D-55E5-AB92-E0357A920CB9,,,,,,,,,,
1773874693,2m 13.0s,133.0,52.41986483,-2.56479594,98.4,108.3,30.0,278.4,775.6,8.277,9.171,-7.287,,3.924,,-0.000,,1.29,0.00,151.7,151.7,,P-GPS,,,18,4,TRUE,,Mini 4 Pro,,,,,,FALSE,TRUE,,,,,,,,,,,,,,,,,,,,,,,,,,,,,,,,,,,,,,,,,,,,,,,,78.7,,,,8.020,,,,,,,6.647,,,,,,,,,,,,,,,,,,,,,,,,,,,,,,,,52.41880475,-2.56594710,463.9,,,,,,,,,,,,,,,,,,,,,,,,,,,,Mini 4 Pro,SYN3A9N8J6PYHE4C6,CAMQDW5LNMQ7SS8CM,RCSUY6FSVDZ5XQLBB,BATWDKLB4TQAB5JCT,,,,,,,,Mini 4 Pro,SYN3A9N8J6PYHE4C6,,,,DJI Fly,,1.13.5,C2FF9B46-305D-55E5-AB92-E0357A920CB9,,,,,,,,,,
1773874694,2m 14.0s,134.0,52.41983554,-2.56477008,98.4,108.3,30.0,278.4,787.7,8.277,9.171,-7.287,,3.924,,-0.000,,1.29,0.00,151.7,151.7,,P-GPS,,,18,4,TRUE,,Mini 4 Pro,,,,,,FALSE,TRUE,,,,,,,,,,,,,,,,,,,,,,,,,,,,,,,,,,,,,,,,,,,,,,,,78.7,,,,8.020,,,,,,,6.647,,,,,,,,,,,,,,,,,,,,,,,,,,,,,,,,52.41880475,-2.56594710,458.2,,,,,,,,,,,,,,,,,,,,,,,,,,,,Mini 4 Pro,SYN3A9N8J6PYHE4C6,CAMQDW5LNMQ7SS8CM,RCSUY6FSVDZ5XQLBB,BATWDKLB4TQAB5JCT,,,,,,,,Mini 4 Pro,SYN3A9N8J6PYHE4C6,,,,DJI Fly,,1.13.5,C2FF9B46-305D-55E5-AB92-E0357A920CB9,,,,,,,,,,
1773874695,2m 15.0s,135.0,52.41980624,-2.56474421,98.4,108.3,30.0,278.4,799.9,8.277,9.171,-7.287,,3.924,,-0.000,,1.29,0.00,151.7,151.7,,P-GPS,,,18,4,TRUE,,Mini 4 Pro,,,,,,FALSE,TRUE,,,,,,,,,,,,,,,,,,,,,,,,,,,,,,,,,,,,,,,,,,,,,,,,78.6,,,,8.019,,,,,,,6.647,,,,,,,,,,,,,,,,,,,,,,,,,,,,,,,,52.41880475,-2.56594710,452.9,,,,,,,,,,,,,,,,,,,,,,,,,,,,Mini 4 Pro,SYN3A9N8J6PYHE4C6,CAMQDW5LNMQ7SS8CM,RCSUY6FSVDZ5XQLBB,BATWDKLB4TQAB5JCT,,,,,,,,Mini 4 Pro,SYN3A9N8J6PYHE4C6,,,,DJI Fly,,1.13.5,C2FF9B46-305D-55E5-AB92-E0357A920CB9,,,,,,,,,,
1773874696,2m 16.0s,136.0,52.41977694,-2.56471834,98.4,108.3,30.0,278.4,812.0,8.277,9.171,-7.287,,3.924,,-0.000,,1.29,0.00,151.7,151.7,,P-GPS,,,18,4,TRUE,,Mini 4 Pro,,,,,,FALSE,TRUE,,,,,,,,,,,,,,,,,,,,,,,,,,,,,,,,,,,,,,,,,,,,,,,,78.6,,,,8.018,,,,,,,6.647,,,,,,,,,,,,,,,,,,,,,,,,,,,,,,,,52.41880475,-2.56594710,447.8,,,,,,,,,,,,,,,,,,,,,,,,,,,,Mini 4 Pro,SYN3A9N8J6PYHE4C6,CAMQDW5LNMQ7SS8CM,RCSUY6FSVDZ5XQLBB,BATWDKLB4TQAB5JCT,,,,,,,,Mini 4 Pro,SYN3A9N8J6PYHE4C6,,,,DJI Fly,,1.13.5,C2FF9B46-305D-55E5-AB92-E0357A920CB9,,,,,,,,,,
1773874697,2m 17.0s,137.0,52.41974764,-2.56469248,98.4,108.3,30.0,278.4,824.1,8.277,9.171,-7.287,,3.924,,-0.000,,1.29,0.00,151.7,151.7,,P-GPS,,,18,4,TRUE,,Mini 4 Pro,,,,,,FALSE,TRUE,,,,,,,,,,,,,,,,,,,,,,,,,,,,,,,,,,,,,,,,,,,,,,,,78.6,,,,8.018,,,,,,,6.647,,,,,,,,,,,,,,,,,,,,,,,,,,,,,,,,52.41880475,-2.56594710,443.0,,,,,,,,,,,,,,,,,,,,,,,,,,,,Mini 4 Pro,SYN3A9N8J6PYHE4C6,CAMQDW5LNMQ7SS8CM,RCSUY6FSVDZ5XQLBB,BATWDKLB4TQAB5JCT,,,,,,,,Mini 4 Pro,SYN3A9N8J6PYHE4C6,,,,DJI Fly,,1.13.5,C2FF9B46-305D-55E5-AB92-E0357A920CB9,,,,,,,,,,
1773874698,2m 18.0s,138.0,52.41971835,-2.56466661,98.4,108.3,30.0,278.4,836.3,8.277,9.171,-7.287,,3.924,,-0.000,,1.29,0.00,151.7,151.7,,P-GPS,,,18,4,TRUE,,Mini 4 Pro,,,,,,FALSE,TRUE,,,,,,,,,,,,,,,,,,,,,,,,,,,,,,,,,,,,,,,,,,,,,,,,78.5,,,,8.017,,,,,,,6.647,,,,,,,,,,,,,,,,,,,,,,,,,,,,,,,,52.41880475,-2.56594710,438.5,,,,,,,,,,,,,,,,,,,,,,,,,,,,Mini 4 Pro,SYN3A9N8J6PYHE4C6,CAMQDW5LNMQ7SS8CM,RCSUY6FSVDZ5XQLBB,BATWDKLB4TQAB5JCT,,,,,,,,Mini 4 Pro,SYN3A9N8J6PYHE4C6,,,,DJI Fly,,1.13.5,C2FF9B46-305D-55E5-AB92-E0357A920CB9,,,,,,,,,,
1773874699,2m 19.0s,139.0,52.41968905,-2.56464074,98.4,108.3,30.0,278.4,848.4,8.277,9.171,-7.287,,3.924,,-0.000,,1.29,0.00,151.7,151.7,,P-GPS,,,18,4,TRUE,,Mini 4 Pro,,,,,,FALSE,TRUE,,,,,,,,,,,,,,,,,,,,,,,,,,,,,,,,,,,,,,,,,,,,,,,,78.5,,,,8.016,,,,,,,6.647,,,,,,,,,,,,,,,,,,,,,,,,,,,,,,,,52.41880475,-2.56594710,434.2,,,,,,,,,,,,,,,,,,,,,,,,,,,,Mini 4 Pro,SYN3A9N8J6PYHE4C6,CAMQDW5LNMQ7SS8CM,RCSUY6FSVDZ5XQLBB,BATWDKLB4TQAB5JCT,,,,,,,,Mini 4 Pro,SYN3A9N8J6PYHE4C6,,,,DJI Fly,,1.13.5,C2FF9B46-305D-55E5-AB92-E0357A920CB9,,,,,,,,,,
